Year,Province,District,Dominant_Industry,Key_Anchor_Sectors,Anchor_firm_presence,Dominant_Value_Chain,Estimated_Number_of_SMEs,Estimated_Number_of_Employees,Production_Volume,Processing_Capacity,"Infrastructure (Roads, Electricity, Internet)",Logistics/Transport_Connectivity,Banking_Penetration (%),Access_to_Credit / Lending,Working_Capital_Gap_Score,Export_Oriented,Supply_Chain_Financing_Opportunity_Score,Opportunity_Level,Recommended_Banking_Product
2016,Khyber Pakhtunkhwa,Abbottabad,Hospitality & Tourism,"Hospitality & Tourism, Agriculture",Yes,Cotton,7859,70731,High,High,High,High,55.0,Medium,2.0,No,63.55,Medium,Inventory Finance
2017,Khyber Pakhtunkhwa,Abbottabad,Hospitality & Tourism,"Hospitality & Tourism, Agriculture",Yes,Cotton,7941,71469,High,High,High,High,55.0,Medium,2.0,No,63.55,Medium,Inventory Finance
2018,Khyber Pakhtunkhwa,Abbottabad,Hospitality & Tourism,"Hospitality & Tourism, Agriculture",Yes,Cotton,8024,80240,High,High,High,High,55.0,Medium,2.0,No,63.55,Medium,Inventory Finance
2019,Khyber Pakhtunkhwa,Abbottabad,Hospitality & Tourism,"Hospitality & Tourism, Agriculture",Yes,Cotton,8108,81080,High,High,High,High,55.0,Medium,2.0,No,63.55,Medium,Inventory Finance
2020,Khyber Pakhtunkhwa,Abbottabad,Hospitality & Tourism,"Hospitality & Tourism, Agriculture",Yes,Cotton,8193,68575,High,High,High,High,55.0,Medium,2.0,No,63.55,Medium,Inventory Finance
2021,Khyber Pakhtunkhwa,Abbottabad,Hospitality & Tourism,"Hospitality & Tourism, Agriculture",Yes,Cotton,8279,81134,High,High,High,High,55.0,Medium,2.0,No,63.55,Medium,Inventory Finance
2022,Khyber Pakhtunkhwa,Abbottabad,Hospitality & Tourism,"Hospitality & Tourism, Agriculture",Yes,Cotton,8366,83660,High,High,High,High,55.0,Medium,2.0,No,63.55,Medium,Inventory Finance
2023,Khyber Pakhtunkhwa,Abbottabad,Hospitality & Tourism,"Hospitality & Tourism, Agriculture",Yes,Cotton,8453,94843,High,High,High,High,55.0,Medium,2.0,No,65.53,Medium,Inventory Finance
2024,Khyber Pakhtunkhwa,Abbottabad,Hospitality & Tourism,"Hospitality & Tourism, Agriculture",Yes,Cotton,8542,97720,High,High,High,High,55.0,Medium,2.0,No,65.53,Medium,Inventory Finance
2025,Khyber Pakhtunkhwa,Abbottabad,Hospitality & Tourism,"Hospitality & Tourism, Agriculture",Yes,Cotton,8631,109786,High,High,High,High,55.0,Medium,2.0,No,65.53,Medium,Inventory Finance
2016,Punjab,Bahawalpur,Agriculture & Agribusiness,Agriculture & Agribusiness,Yes,Horticulture & Fruit ,21292,149044,High,High,Medium,Medium,50.0,Medium,2.6666666666666665,Yes,69.47,Medium,PO Finance + Inventory Finance
2017,Punjab,Bahawalpur,Agriculture & Agribusiness,Agriculture & Agribusiness,Yes,Horticulture & Fruit ,21851,152957,High,High,Medium,Medium,50.0,Medium,2.6666666666666665,Yes,69.47,Medium,PO Finance + Inventory Finance
2018,Punjab,Bahawalpur,Agriculture & Agribusiness,Agriculture & Agribusiness,Yes,Horticulture & Fruit ,22424,156968,High,High,Medium,Medium,50.0,Medium,2.6666666666666665,Yes,69.47,Medium,PO Finance + Inventory Finance
2019,Punjab,Bahawalpur,Agriculture & Agribusiness,Agriculture & Agribusiness,Yes,Horticulture & Fruit ,23013,184104,High,High,Medium,Medium,50.0,Medium,2.6666666666666665,Yes,69.47,Medium,PO Finance + Inventory Finance
2020,Punjab,Bahawalpur,Agriculture & Agribusiness,Agriculture & Agribusiness,Yes,Horticulture & Fruit ,23617,175710,High,High,Medium,Medium,50.0,Medium,2.6666666666666665,Yes,69.47,Medium,PO Finance + Inventory Finance
2021,Punjab,Bahawalpur,Agriculture & Agribusiness,Agriculture & Agribusiness,Yes,Horticulture & Fruit ,24237,190018,High,High,Medium,Medium,50.0,Medium,2.6666666666666665,Yes,69.47,Medium,PO Finance + Inventory Finance
2022,Punjab,Bahawalpur,Agriculture & Agribusiness,Agriculture & Agribusiness,Yes,Horticulture & Fruit ,24873,198984,High,High,Medium,Medium,50.0,Medium,2.6666666666666665,Yes,71.45,High,PO Finance + Inventory Finance
2023,Punjab,Bahawalpur,Agriculture & Agribusiness,Agriculture & Agribusiness,Yes,Horticulture & Fruit ,25526,234329,High,High,Medium,Medium,50.0,Medium,2.6666666666666665,Yes,71.45,High,PO Finance + Inventory Finance
2024,Punjab,Bahawalpur,Agriculture & Agribusiness,Agriculture & Agribusiness,Yes,Horticulture & Fruit ,26195,245185,High,High,Medium,Medium,50.0,Medium,2.6666666666666665,Yes,71.45,High,PO Finance + Inventory Finance
2025,Punjab,Bahawalpur,Agriculture & Agribusiness,Agriculture & Agribusiness,Yes,Horticulture & Fruit ,26883,284960,High,High,Medium,Medium,50.0,Medium,2.6666666666666665,Yes,71.45,High,PO Finance + Inventory Finance
2016,Khyber Pakhtunkhwa,Bannu,Agriculture & Agribusiness,Agriculture & Agribusiness,Yes,Livestock & Dairy ,6785,47495,High,High,Low,Medium,25.0,Low,2.3333333333333335,Yes,62.98,Medium,PO Finance + Inventory Finance
2017,Khyber Pakhtunkhwa,Bannu,Agriculture & Agribusiness,Agriculture & Agribusiness,Yes,Livestock & Dairy ,6957,48699,High,High,Low,Medium,25.0,Low,2.3333333333333335,Yes,62.98,Medium,PO Finance + Inventory Finance
2018,Khyber Pakhtunkhwa,Bannu,Agriculture & Agribusiness,Agriculture & Agribusiness,Yes,Livestock & Dairy ,7134,49938,High,High,Low,Medium,25.0,Low,2.3333333333333335,Yes,62.98,Medium,PO Finance + Inventory Finance
2019,Khyber Pakhtunkhwa,Bannu,Agriculture & Agribusiness,Agriculture & Agribusiness,Yes,Livestock & Dairy ,7316,58528,High,High,Low,Medium,25.0,Low,2.3333333333333335,Yes,62.98,Medium,PO Finance + Inventory Finance
2020,Khyber Pakhtunkhwa,Bannu,Agriculture & Agribusiness,Agriculture & Agribusiness,Yes,Livestock & Dairy ,7502,55815,High,High,Low,Medium,25.0,Low,2.3333333333333335,Yes,62.98,Medium,PO Finance + Inventory Finance
2021,Khyber Pakhtunkhwa,Bannu,Agriculture & Agribusiness,Agriculture & Agribusiness,Yes,Livestock & Dairy ,7693,60313,High,High,Low,Medium,25.0,Low,2.3333333333333335,Yes,62.98,Medium,PO Finance + Inventory Finance
2022,Khyber Pakhtunkhwa,Bannu,Agriculture & Agribusiness,Agriculture & Agribusiness,Yes,Livestock & Dairy ,7888,63104,High,High,Low,Medium,25.0,Low,2.3333333333333335,Yes,62.98,Medium,PO Finance + Inventory Finance
2023,Khyber Pakhtunkhwa,Bannu,Agriculture & Agribusiness,Agriculture & Agribusiness,Yes,Livestock & Dairy ,8089,74257,High,High,Low,Medium,25.0,Low,2.3333333333333335,Yes,62.98,Medium,PO Finance + Inventory Finance
2024,Khyber Pakhtunkhwa,Bannu,Agriculture & Agribusiness,Agriculture & Agribusiness,Yes,Livestock & Dairy ,8295,77641,High,High,Low,Medium,25.0,Low,2.3333333333333335,Yes,62.98,Medium,PO Finance + Inventory Finance
2025,Khyber Pakhtunkhwa,Bannu,Agriculture & Agribusiness,Agriculture & Agribusiness,Yes,Livestock & Dairy ,8506,90164,High,High,Low,Medium,25.0,Low,2.3333333333333335,Yes,64.97,Medium,PO Finance + Inventory Finance
2016,Balochistan,Chaman,Transport & Logistics,Transport & Logistics,No,Horticulture,2559,28149,High,High,Low,High,25.0,Low,2.3333333333333335,No,66.55,Medium,Inventory Finance
2017,Balochistan,Chaman,Transport & Logistics,Transport & Logistics,No,Horticulture,2589,28479,High,High,Low,High,25.0,Low,2.3333333333333335,No,66.55,Medium,Inventory Finance
2018,Balochistan,Chaman,Transport & Logistics,Transport & Logistics,No,Horticulture,2619,31428,High,High,Low,High,25.0,Low,2.3333333333333335,No,66.55,Medium,Inventory Finance
2019,Balochistan,Chaman,Transport & Logistics,Transport & Logistics,No,Horticulture,2650,31800,High,High,Low,High,25.0,Low,2.3333333333333335,No,66.55,Medium,Inventory Finance
2020,Balochistan,Chaman,Transport & Logistics,Transport & Logistics,No,Horticulture,2681,29920,High,High,Low,High,25.0,Low,2.3333333333333335,No,66.55,Medium,Inventory Finance
2021,Balochistan,Chaman,Transport & Logistics,Transport & Logistics,No,Horticulture,2713,34564,High,High,Low,High,25.0,Low,2.3333333333333335,No,66.55,Medium,Inventory Finance
2022,Balochistan,Chaman,Transport & Logistics,Transport & Logistics,No,Horticulture,2745,35685,High,High,Low,High,25.0,Low,2.3333333333333335,No,66.55,Medium,Inventory Finance
2023,Balochistan,Chaman,Transport & Logistics,Transport & Logistics,No,Horticulture,2777,39656,High,High,Low,High,25.0,Low,2.3333333333333335,No,66.55,Medium,Inventory Finance
2024,Balochistan,Chaman,Transport & Logistics,Transport & Logistics,No,Horticulture,2810,40914,High,High,Low,High,25.0,Low,2.3333333333333335,No,66.55,Medium,Inventory Finance
2025,Balochistan,Chaman,Transport & Logistics,Transport & Logistics,No,Horticulture,2843,45204,High,High,Low,High,25.0,Low,2.3333333333333335,No,66.55,Medium,Inventory Finance
2016,Khyber Pakhtunkhwa,Charsadda,Agriculture & Agribusiness,Agriculture & Agribusiness,Yes,Sugarcane ,9426,65982,High,High,Medium,High,40.0,Low,2.6666666666666665,Yes,66.65,Medium,PO Finance + Inventory Finance
2017,Khyber Pakhtunkhwa,Charsadda,Agriculture & Agribusiness,Agriculture & Agribusiness,Yes,Sugarcane ,9628,67396,High,High,Medium,High,40.0,Low,2.6666666666666665,Yes,66.65,Medium,PO Finance + Inventory Finance
2018,Khyber Pakhtunkhwa,Charsadda,Agriculture & Agribusiness,Agriculture & Agribusiness,Yes,Sugarcane ,9834,68838,High,High,Medium,High,40.0,Low,2.6666666666666665,Yes,66.65,Medium,PO Finance + Inventory Finance
2019,Khyber Pakhtunkhwa,Charsadda,Agriculture & Agribusiness,Agriculture & Agribusiness,Yes,Sugarcane ,10045,80360,High,High,Medium,High,40.0,Low,2.6666666666666665,Yes,66.65,Medium,PO Finance + Inventory Finance
2020,Khyber Pakhtunkhwa,Charsadda,Agriculture & Agribusiness,Agriculture & Agribusiness,Yes,Sugarcane ,10260,76334,High,High,Medium,High,40.0,Low,2.6666666666666665,Yes,66.65,Medium,PO Finance + Inventory Finance
2021,Khyber Pakhtunkhwa,Charsadda,Agriculture & Agribusiness,Agriculture & Agribusiness,Yes,Sugarcane ,10480,82163,High,High,Medium,High,40.0,Low,2.6666666666666665,Yes,66.65,Medium,PO Finance + Inventory Finance
2022,Khyber Pakhtunkhwa,Charsadda,Agriculture & Agribusiness,Agriculture & Agribusiness,Yes,Sugarcane ,10705,85640,High,High,Medium,High,40.0,Low,2.6666666666666665,Yes,68.52,Medium,PO Finance + Inventory Finance
2023,Khyber Pakhtunkhwa,Charsadda,Agriculture & Agribusiness,Agriculture & Agribusiness,Yes,Sugarcane ,10934,100374,High,High,Medium,High,40.0,Low,2.6666666666666665,Yes,68.52,Medium,PO Finance + Inventory Finance
2024,Khyber Pakhtunkhwa,Charsadda,Agriculture & Agribusiness,Agriculture & Agribusiness,Yes,Sugarcane ,11168,104532,High,High,Medium,High,40.0,Low,2.6666666666666665,Yes,68.52,Medium,PO Finance + Inventory Finance
2025,Khyber Pakhtunkhwa,Charsadda,Agriculture & Agribusiness,Agriculture & Agribusiness,Yes,Sugarcane ,11408,120925,High,High,Medium,High,40.0,Low,2.6666666666666665,Yes,68.52,Medium,PO Finance + Inventory Finance
2016,Khyber Pakhtunkhwa,Dera Ismail Khan,Agriculture & Agribusiness,Agriculture & Agribusiness,Yes,Date Palm ,9505,66535,High,High,Medium,Medium,30.0,Low,2.6666666666666665,Yes,67.52,Medium,PO Finance + Inventory Finance
2017,Khyber Pakhtunkhwa,Dera Ismail Khan,Agriculture & Agribusiness,Agriculture & Agribusiness,Yes,Date Palm ,9693,67851,High,High,Medium,Medium,30.0,Low,2.6666666666666665,Yes,67.52,Medium,PO Finance + Inventory Finance
2018,Khyber Pakhtunkhwa,Dera Ismail Khan,Agriculture & Agribusiness,Agriculture & Agribusiness,Yes,Date Palm ,9884,69188,High,High,Medium,Medium,30.0,Low,2.6666666666666665,Yes,67.52,Medium,PO Finance + Inventory Finance
2019,Khyber Pakhtunkhwa,Dera Ismail Khan,Agriculture & Agribusiness,Agriculture & Agribusiness,Yes,Date Palm ,10080,80640,High,High,Medium,Medium,30.0,Low,2.6666666666666665,Yes,67.52,Medium,PO Finance + Inventory Finance
2020,Khyber Pakhtunkhwa,Dera Ismail Khan,Agriculture & Agribusiness,Agriculture & Agribusiness,Yes,Date Palm ,10279,76476,High,High,Medium,Medium,30.0,Low,2.6666666666666665,Yes,67.52,Medium,PO Finance + Inventory Finance
2021,Khyber Pakhtunkhwa,Dera Ismail Khan,Agriculture & Agribusiness,Agriculture & Agribusiness,Yes,Date Palm ,10482,82179,High,High,Medium,Medium,30.0,Low,2.6666666666666665,Yes,67.52,Medium,PO Finance + Inventory Finance
2022,Khyber Pakhtunkhwa,Dera Ismail Khan,Agriculture & Agribusiness,Agriculture & Agribusiness,Yes,Date Palm ,10689,85512,High,High,Medium,Medium,30.0,Low,2.6666666666666665,Yes,67.52,Medium,PO Finance + Inventory Finance
2023,Khyber Pakhtunkhwa,Dera Ismail Khan,Agriculture & Agribusiness,Agriculture & Agribusiness,Yes,Date Palm ,10900,100062,High,High,Medium,Medium,30.0,Low,2.6666666666666665,Yes,69.5,Medium,PO Finance + Inventory Finance
2024,Khyber Pakhtunkhwa,Dera Ismail Khan,Agriculture & Agribusiness,Agriculture & Agribusiness,Yes,Date Palm ,11116,104046,High,High,Medium,Medium,30.0,Low,2.6666666666666665,Yes,69.5,Medium,PO Finance + Inventory Finance
2025,Khyber Pakhtunkhwa,Dera Ismail Khan,Agriculture & Agribusiness,Agriculture & Agribusiness,Yes,Date Palm ,11335,120151,High,High,Medium,Medium,30.0,Low,2.6666666666666665,Yes,69.5,Medium,PO Finance + Inventory Finance
2016,Punjab,Faisalabad,Textile & Apparel,Textile & Apparel,Yes,Textile,46035,690525,High,High,High,High,75.0,High,2.3333333333333335,Yes,74.33,High,PO Finance + Payables Finance + Receivables Discounting
2017,Punjab,Faisalabad,Textile & Apparel,Textile & Apparel,Yes,Textile,46956,704340,High,High,High,High,75.0,High,2.3333333333333335,Yes,74.33,High,PO Finance + Payables Finance + Receivables Discounting
2018,Punjab,Faisalabad,Textile & Apparel,Textile & Apparel,Yes,Textile,47895,766320,High,High,High,High,75.0,High,2.3333333333333335,Yes,74.33,High,PO Finance + Payables Finance + Receivables Discounting
2019,Punjab,Faisalabad,Textile & Apparel,Textile & Apparel,Yes,Textile,48853,781648,High,High,High,High,75.0,High,2.3333333333333335,Yes,74.33,High,PO Finance + Payables Finance + Receivables Discounting
2020,Punjab,Faisalabad,Textile & Apparel,Textile & Apparel,Yes,Textile,49830,741470,High,High,High,High,75.0,High,2.3333333333333335,Yes,74.33,High,PO Finance + Payables Finance + Receivables Discounting
2021,Punjab,Faisalabad,Textile & Apparel,Textile & Apparel,Yes,Textile,50826,846761,High,High,High,High,75.0,High,2.3333333333333335,Yes,74.33,High,PO Finance + Payables Finance + Receivables Discounting
2022,Punjab,Faisalabad,Textile & Apparel,Textile & Apparel,Yes,Textile,51843,881331,High,High,High,High,75.0,High,2.3333333333333335,Yes,74.33,High,PO Finance + Payables Finance + Receivables Discounting
2023,Punjab,Faisalabad,Textile & Apparel,Textile & Apparel,Yes,Textile,52880,970877,High,High,High,High,75.0,High,2.3333333333333335,Yes,74.33,High,PO Finance + Payables Finance + Receivables Discounting
2024,Punjab,Faisalabad,Textile & Apparel,Textile & Apparel,Yes,Textile,53937,1009701,High,High,High,High,75.0,High,2.3333333333333335,Yes,74.33,High,PO Finance + Payables Finance + Receivables Discounting
2025,Punjab,Faisalabad,Textile & Apparel,Textile & Apparel,Yes,Textile,55016,1108022,High,High,High,High,75.0,High,2.3333333333333335,Yes,74.33,High,PO Finance + Payables Finance + Receivables Discounting
2016,Punjab,Gujranwala,Light Engineering,Light Engineering,Yes,Light Engineering & Manufacturing,29022,522396,High,High,High,High,65.0,Medium,2.6666666666666665,Yes,77.48,High,PO Finance + Payables Finance + Receivables Discounting
2017,Punjab,Gujranwala,Light Engineering,Light Engineering,Yes,Light Engineering & Manufacturing,29870,537660,High,High,High,High,65.0,Medium,2.6666666666666665,Yes,77.48,High,PO Finance + Payables Finance + Receivables Discounting
2018,Punjab,Gujranwala,Light Engineering,Light Engineering,Yes,Light Engineering & Manufacturing,30742,584098,High,High,High,High,65.0,Medium,2.6666666666666665,Yes,77.48,High,PO Finance + Payables Finance + Receivables Discounting
2019,Punjab,Gujranwala,Light Engineering,Light Engineering,Yes,Light Engineering & Manufacturing,31640,601160,High,High,High,High,65.0,Medium,2.6666666666666665,Yes,77.48,High,PO Finance + Payables Finance + Receivables Discounting
2020,Punjab,Gujranwala,Light Engineering,Light Engineering,Yes,Light Engineering & Manufacturing,32564,575406,High,High,High,High,65.0,Medium,2.6666666666666665,Yes,77.48,High,PO Finance + Payables Finance + Receivables Discounting
2021,Punjab,Gujranwala,Light Engineering,Light Engineering,Yes,Light Engineering & Manufacturing,33516,656914,High,High,High,High,65.0,Medium,2.6666666666666665,Yes,77.48,High,PO Finance + Payables Finance + Receivables Discounting
2022,Punjab,Gujranwala,Light Engineering,Light Engineering,Yes,Light Engineering & Manufacturing,34495,689900,High,High,High,High,65.0,Medium,2.6666666666666665,Yes,77.48,High,PO Finance + Payables Finance + Receivables Discounting
2023,Punjab,Gujranwala,Light Engineering,Light Engineering,Yes,Light Engineering & Manufacturing,35502,760453,High,High,High,High,65.0,Medium,2.6666666666666665,Yes,77.48,High,PO Finance + Payables Finance + Receivables Discounting
2024,Punjab,Gujranwala,Light Engineering,Light Engineering,Yes,Light Engineering & Manufacturing,36539,798012,High,High,High,High,65.0,Medium,2.6666666666666665,Yes,77.48,High,PO Finance + Payables Finance + Receivables Discounting
2025,Punjab,Gujranwala,Light Engineering,Light Engineering,Yes,Light Engineering & Manufacturing,37607,876995,High,High,High,High,65.0,Medium,2.6666666666666665,Yes,77.48,High,PO Finance + Payables Finance + Receivables Discounting
2016,Balochistan,Gwadar,Transport & Logistics,Transport & Logistics,Yes,Fisheries,1526,16786,High,High,Medium,Medium,50.0,Medium,2.0,No,65.77,Medium,Inventory Finance
2017,Balochistan,Gwadar,Transport & Logistics,Transport & Logistics,Yes,Fisheries,1570,17270,High,High,Medium,Medium,50.0,Medium,2.0,No,65.77,Medium,Inventory Finance
2018,Balochistan,Gwadar,Transport & Logistics,Transport & Logistics,Yes,Fisheries,1615,19380,High,High,Medium,Medium,50.0,Medium,2.0,No,65.77,Medium,Inventory Finance
2019,Balochistan,Gwadar,Transport & Logistics,Transport & Logistics,Yes,Fisheries,1662,19944,High,High,Medium,Medium,50.0,Medium,2.0,No,65.77,Medium,Inventory Finance
2020,Balochistan,Gwadar,Transport & Logistics,Transport & Logistics,Yes,Fisheries,1710,19084,High,High,Medium,Medium,50.0,Medium,2.0,No,65.77,Medium,Inventory Finance
2021,Balochistan,Gwadar,Transport & Logistics,Transport & Logistics,Yes,Fisheries,1760,22422,High,High,Medium,Medium,50.0,Medium,2.0,No,65.77,Medium,Inventory Finance
2022,Balochistan,Gwadar,Transport & Logistics,Transport & Logistics,Yes,Fisheries,1811,23543,High,High,Medium,Medium,50.0,Medium,2.0,No,65.77,Medium,Inventory Finance
2023,Balochistan,Gwadar,Transport & Logistics,Transport & Logistics,Yes,Fisheries,1818,25961,High,High,Medium,Medium,50.0,Medium,2.0,No,65.77,Medium,Inventory Finance
2024,Balochistan,Gwadar,Transport & Logistics,Transport & Logistics,Yes,Fisheries,1871,27242,High,High,Medium,Medium,50.0,Medium,2.0,No,65.77,Medium,Inventory Finance
2025,Balochistan,Gwadar,Transport & Logistics,Transport & Logistics,Yes,Fisheries,1925,30608,High,High,Medium,Medium,50.0,Medium,2.0,No,65.77,Medium,Inventory Finance
2016,Khyber Pakhtunkhwa,Haripur,Manufacturing,Manufacturing,Yes,Agriculture & Food Processing,5801,98617,High,High,High,High,55.0,Medium,2.0,Yes,69.13,Medium,PO Finance + Payables Finance + Receivables Discounting
2017,Khyber Pakhtunkhwa,Haripur,Manufacturing,Manufacturing,Yes,Agriculture & Food Processing,5975,101575,High,High,High,High,55.0,Medium,2.0,Yes,69.13,Medium,PO Finance + Payables Finance + Receivables Discounting
2018,Khyber Pakhtunkhwa,Haripur,Manufacturing,Manufacturing,Yes,Agriculture & Food Processing,6154,110772,High,High,High,High,55.0,Medium,2.0,Yes,69.13,Medium,PO Finance + Payables Finance + Receivables Discounting
2019,Khyber Pakhtunkhwa,Haripur,Manufacturing,Manufacturing,Yes,Agriculture & Food Processing,6339,114102,High,High,High,High,55.0,Medium,2.0,Yes,69.13,Medium,PO Finance + Payables Finance + Receivables Discounting
2020,Khyber Pakhtunkhwa,Haripur,Manufacturing,Manufacturing,Yes,Agriculture & Food Processing,6529,109295,High,High,High,High,55.0,Medium,2.0,Yes,69.13,Medium,PO Finance + Payables Finance + Receivables Discounting
2021,Khyber Pakhtunkhwa,Haripur,Manufacturing,Manufacturing,Yes,Agriculture & Food Processing,6725,125220,High,High,High,High,55.0,Medium,2.0,Yes,69.13,Medium,PO Finance + Payables Finance + Receivables Discounting
2022,Khyber Pakhtunkhwa,Haripur,Manufacturing,Manufacturing,Yes,Agriculture & Food Processing,6927,131613,High,High,High,High,55.0,Medium,2.0,Yes,69.13,Medium,PO Finance + Payables Finance + Receivables Discounting
2023,Khyber Pakhtunkhwa,Haripur,Manufacturing,Manufacturing,Yes,Agriculture & Food Processing,6998,142759,High,High,High,High,55.0,Medium,2.0,Yes,69.13,Medium,PO Finance + Payables Finance + Receivables Discounting
2024,Khyber Pakhtunkhwa,Haripur,Manufacturing,Manufacturing,Yes,Agriculture & Food Processing,7208,149926,High,High,High,High,55.0,Medium,2.0,Yes,69.13,Medium,PO Finance + Payables Finance + Receivables Discounting
2025,Khyber Pakhtunkhwa,Haripur,Manufacturing,Manufacturing,Yes,Agriculture & Food Processing,7424,165258,High,High,High,High,55.0,Medium,2.0,Yes,69.13,Medium,PO Finance + Payables Finance + Receivables Discounting
2016,Sindh,Hyderabad,Textile & Apparel,Textile & Apparel,Yes,Cotton & Textile,12884,193260,Medium,Medium,High,High,65.0,Medium,2.0,Yes,66.05,Medium,PO Finance + Payables Finance + Receivables Discounting
2017,Sindh,Hyderabad,Textile & Apparel,Textile & Apparel,Yes,Cotton & Textile,13102,196530,Medium,Medium,High,High,65.0,Medium,2.0,Yes,66.05,Medium,PO Finance + Payables Finance + Receivables Discounting
2018,Sindh,Hyderabad,Textile & Apparel,Textile & Apparel,Yes,Cotton & Textile,13324,213184,Medium,Medium,High,High,65.0,Medium,2.0,Yes,68.03,Medium,PO Finance + Payables Finance + Receivables Discounting
2019,Sindh,Hyderabad,Textile & Apparel,Textile & Apparel,Yes,Cotton & Textile,13550,216800,Medium,Medium,High,High,65.0,Medium,2.0,Yes,68.03,Medium,PO Finance + Payables Finance + Receivables Discounting
2020,Sindh,Hyderabad,Textile & Apparel,Textile & Apparel,Yes,Cotton & Textile,13779,205032,Medium,Medium,High,High,65.0,Medium,2.0,Yes,68.03,Medium,PO Finance + Payables Finance + Receivables Discounting
2021,Sindh,Hyderabad,Textile & Apparel,Textile & Apparel,Yes,Cotton & Textile,14012,233440,Medium,Medium,High,High,65.0,Medium,2.0,Yes,68.03,Medium,PO Finance + Payables Finance + Receivables Discounting
2022,Sindh,Hyderabad,Textile & Apparel,Textile & Apparel,Yes,Cotton & Textile,14249,242233,Medium,Medium,High,High,65.0,Medium,2.0,Yes,68.03,Medium,PO Finance + Payables Finance + Receivables Discounting
2023,Sindh,Hyderabad,Textile & Apparel,Textile & Apparel,Yes,Cotton & Textile,14491,266055,Medium,Medium,High,High,65.0,Medium,2.0,Yes,68.03,Medium,PO Finance + Payables Finance + Receivables Discounting
2024,Sindh,Hyderabad,Textile & Apparel,Textile & Apparel,Yes,Cotton & Textile,14736,275858,Medium,Medium,High,High,65.0,Medium,2.0,Yes,68.03,Medium,PO Finance + Payables Finance + Receivables Discounting
2025,Sindh,Hyderabad,Textile & Apparel,Textile & Apparel,Yes,Cotton & Textile,14985,301798,Medium,Medium,High,High,65.0,Medium,2.0,Yes,68.03,Medium,PO Finance + Payables Finance + Receivables Discounting
2016,Punjab,Islamabad,Professional Services,Professional Services,Yes,IT & Services,11586,92688,Medium,Medium,High,High,75.0,High,1.6666666666666667,Yes,63.12,Medium,Receivables Discounting / Factoring
2017,Punjab,Islamabad,Professional Services,Professional Services,Yes,IT & Services,11934,95472,Medium,Medium,High,High,75.0,High,1.6666666666666667,Yes,63.12,Medium,Receivables Discounting / Factoring
2018,Punjab,Islamabad,Professional Services,Professional Services,Yes,IT & Services,12292,98336,Medium,Medium,High,High,75.0,High,1.6666666666666667,Yes,63.12,Medium,Receivables Discounting / Factoring
2019,Punjab,Islamabad,Professional Services,Professional Services,Yes,IT & Services,12661,113949,Medium,Medium,High,High,75.0,High,1.6666666666666667,Yes,63.12,Medium,Receivables Discounting / Factoring
2020,Punjab,Islamabad,Professional Services,Professional Services,Yes,IT & Services,13041,109153,Medium,Medium,High,High,75.0,High,1.6666666666666667,Yes,63.12,Medium,Receivables Discounting / Factoring
2021,Punjab,Islamabad,Professional Services,Professional Services,Yes,IT & Services,13432,118470,Medium,Medium,High,High,75.0,High,1.6666666666666667,Yes,63.12,Medium,Receivables Discounting / Factoring
2022,Punjab,Islamabad,Professional Services,Professional Services,Yes,IT & Services,13835,138350,Medium,Medium,High,High,75.0,High,1.6666666666666667,Yes,63.12,Medium,Receivables Discounting / Factoring
2023,Punjab,Islamabad,Professional Services,Professional Services,Yes,IT & Services,14250,145350,Medium,Medium,High,High,75.0,High,1.6666666666666667,Yes,63.12,Medium,Receivables Discounting / Factoring
2024,Punjab,Islamabad,Professional Services,Professional Services,Yes,IT & Services,14677,152641,Medium,Medium,High,High,75.0,High,1.6666666666666667,Yes,63.12,Medium,Receivables Discounting / Factoring
2025,Punjab,Islamabad,Professional Services,Professional Services,Yes,IT & Services,15118,176276,Medium,Medium,High,High,75.0,High,1.6666666666666667,Yes,63.12,Medium,Receivables Discounting / Factoring
2016,Sindh,Karachi Central,Retail & Wholesale Trade,Retail & Wholesale Trade,Yes,Manufacturing & Trade,17076,119532,Low,Medium,High,High,95.0,High,1.6666666666666667,No,61.2,Medium,Distributor / Channel Finance
2017,Sindh,Karachi Central,Retail & Wholesale Trade,Retail & Wholesale Trade,Yes,Manufacturing & Trade,17702,123914,Low,Medium,High,High,95.0,High,1.6666666666666667,No,61.2,Medium,Distributor / Channel Finance
2018,Sindh,Karachi Central,Retail & Wholesale Trade,Retail & Wholesale Trade,Yes,Manufacturing & Trade,18351,128457,Low,Medium,High,High,95.0,High,1.6666666666666667,No,61.2,Medium,Distributor / Channel Finance
2019,Sindh,Karachi Central,Retail & Wholesale Trade,Retail & Wholesale Trade,Yes,Manufacturing & Trade,19023,152184,Low,Medium,High,High,95.0,High,1.6666666666666667,No,61.2,Medium,Distributor / Channel Finance
2020,Sindh,Karachi Central,Retail & Wholesale Trade,Retail & Wholesale Trade,Yes,Manufacturing & Trade,19721,146724,Low,Medium,High,High,95.0,High,1.6666666666666667,No,61.2,Medium,Distributor / Channel Finance
2021,Sindh,Karachi Central,Retail & Wholesale Trade,Retail & Wholesale Trade,Yes,Manufacturing & Trade,20443,160273,Low,Medium,High,High,95.0,High,1.6666666666666667,No,61.2,Medium,Distributor / Channel Finance
2022,Sindh,Karachi Central,Retail & Wholesale Trade,Retail & Wholesale Trade,Yes,Manufacturing & Trade,21193,169544,Low,Medium,High,High,95.0,High,1.6666666666666667,No,61.2,Medium,Distributor / Channel Finance
2023,Sindh,Karachi Central,Retail & Wholesale Trade,Retail & Wholesale Trade,Yes,Manufacturing & Trade,21969,179267,Low,Medium,High,High,95.0,High,1.6666666666666667,No,61.2,Medium,Distributor / Channel Finance
2024,Sindh,Karachi Central,Retail & Wholesale Trade,Retail & Wholesale Trade,Yes,Manufacturing & Trade,22774,189480,Low,Medium,High,High,95.0,High,1.6666666666666667,No,61.2,Medium,Distributor / Channel Finance
2025,Sindh,Karachi Central,Retail & Wholesale Trade,Retail & Wholesale Trade,Yes,Manufacturing & Trade,23609,225230,Low,Medium,High,High,95.0,High,1.6666666666666667,No,63.18,Medium,Distributor / Channel Finance
2016,Sindh,Karachi East,Information Technology (IT),Information Technology (IT),Yes,IT & Services,16477,148293,High,High,Livestock & Dairy,High,95.0,High,2.0,Yes,64.22,Medium,Payables Finance
2017,Sindh,Karachi East,Information Technology (IT),Information Technology (IT),Yes,IT & Services,17320,155880,High,High,Livestock & Dairy,High,95.0,High,2.3333333333333335,Yes,67.0,Medium,Payables Finance
2018,Sindh,Karachi East,Information Technology (IT),Information Technology (IT),Yes,IT & Services,18206,182060,High,High,Livestock & Dairy,High,95.0,High,2.3333333333333335,Yes,67.0,Medium,Payables Finance
2019,Sindh,Karachi East,Information Technology (IT),Information Technology (IT),Yes,IT & Services,19137,191370,High,High,Livestock & Dairy,High,95.0,High,2.3333333333333335,Yes,67.0,Medium,Payables Finance
2020,Sindh,Karachi East,Information Technology (IT),Information Technology (IT),Yes,IT & Services,20115,187070,High,High,Livestock & Dairy,High,95.0,High,2.3333333333333335,Yes,67.0,Medium,Payables Finance
2021,Sindh,Karachi East,Information Technology (IT),Information Technology (IT),Yes,IT & Services,21144,227932,High,High,Livestock & Dairy,High,95.0,High,2.3333333333333335,Yes,68.98,Medium,Payables Finance
2022,Sindh,Karachi East,Information Technology (IT),Information Technology (IT),Yes,IT & Services,22225,244475,High,High,Livestock & Dairy,High,95.0,High,2.3333333333333335,Yes,68.98,Medium,Payables Finance
2023,Sindh,Karachi East,Information Technology (IT),Information Technology (IT),Yes,IT & Services,23362,285951,High,High,Livestock & Dairy,High,95.0,High,2.3333333333333335,Yes,68.98,Medium,Payables Finance
2024,Sindh,Karachi East,Information Technology (IT),Information Technology (IT),Yes,IT & Services,24557,306471,High,High,Livestock & Dairy,High,95.0,High,2.3333333333333335,Yes,68.98,Medium,Payables Finance
2025,Sindh,Karachi East,Information Technology (IT),Information Technology (IT),Yes,IT & Services,25812,355689,High,High,Livestock & Dairy,High,95.0,High,2.3333333333333335,Yes,68.98,Medium,Payables Finance
2016,Sindh,Karachi South,Professional Services,Professional Services,Yes,Trade,10067,80536,Low,Medium,Medium,High,90.0,High,1.3333333333333333,No,53.85,Medium,Distributor / Channel Finance
2017,Sindh,Karachi South,Professional Services,Professional Services,Yes,Trade,10539,84312,Low,Medium,Medium,High,90.0,High,1.3333333333333333,No,53.85,Medium,Distributor / Channel Finance
2018,Sindh,Karachi South,Professional Services,Professional Services,Yes,Trade,11034,88272,Low,Medium,Medium,High,90.0,High,1.3333333333333333,No,55.72,Medium,Distributor / Channel Finance
2019,Sindh,Karachi South,Professional Services,Professional Services,Yes,Trade,11552,103968,Low,Medium,Medium,High,90.0,High,1.3333333333333333,No,55.72,Medium,Distributor / Channel Finance
2020,Sindh,Karachi South,Professional Services,Professional Services,Yes,Trade,12094,101227,Low,Medium,Medium,High,90.0,High,1.3333333333333333,No,55.72,Medium,Distributor / Channel Finance
2021,Sindh,Karachi South,Professional Services,Professional Services,Yes,Trade,12662,111679,Low,Medium,Medium,High,90.0,High,1.3333333333333333,No,55.72,Medium,Distributor / Channel Finance
2022,Sindh,Karachi South,Professional Services,Professional Services,Yes,Trade,13256,132560,Low,Medium,Medium,High,90.0,High,1.3333333333333333,No,55.72,Medium,Distributor / Channel Finance
2023,Sindh,Karachi South,Professional Services,Professional Services,Yes,Trade,13878,141556,Low,Medium,Medium,High,90.0,High,1.3333333333333333,No,55.72,Medium,Distributor / Channel Finance
2024,Sindh,Karachi South,Professional Services,Professional Services,Yes,Trade,14530,151112,Low,Medium,Medium,High,90.0,High,1.3333333333333333,No,55.72,Medium,Distributor / Channel Finance
2025,Sindh,Karachi South,Professional Services,Professional Services,Yes,Trade,15212,177372,Low,Medium,Medium,High,90.0,High,1.3333333333333333,No,55.72,Medium,Distributor / Channel Finance
2016,Sindh,Karachi West,Manufacturing,Manufacturing,Yes,Manufacturing,24785,421345,Low,Medium,High,High,75.0,High,1.6666666666666667,Yes,66.4,Medium,PO Finance + Payables Finance + Receivables Discounting
2017,Sindh,Karachi West,Manufacturing,Manufacturing,Yes,Manufacturing,23274,395658,Low,Medium,High,High,75.0,High,1.6666666666666667,Yes,66.4,Medium,PO Finance + Payables Finance + Receivables Discounting
2018,Sindh,Karachi West,Manufacturing,Manufacturing,Yes,Manufacturing,21856,393408,Low,Medium,High,High,75.0,High,1.6666666666666667,Yes,66.4,Medium,PO Finance + Payables Finance + Receivables Discounting
2019,Sindh,Karachi West,Manufacturing,Manufacturing,Yes,Manufacturing,20525,369450,Low,Medium,High,High,75.0,High,1.6666666666666667,Yes,66.4,Medium,PO Finance + Payables Finance + Receivables Discounting
2020,Sindh,Karachi West,Manufacturing,Manufacturing,Yes,Manufacturing,19274,322647,Low,Medium,High,High,75.0,High,1.6666666666666667,Yes,66.4,Medium,PO Finance + Payables Finance + Receivables Discounting
2021,Sindh,Karachi West,Manufacturing,Manufacturing,Yes,Manufacturing,18100,337022,Low,Medium,High,High,75.0,High,1.6666666666666667,Yes,66.4,Medium,PO Finance + Payables Finance + Receivables Discounting
2022,Sindh,Karachi West,Manufacturing,Manufacturing,Yes,Manufacturing,16997,322943,Low,Medium,High,High,75.0,High,1.6666666666666667,Yes,66.4,Medium,PO Finance + Payables Finance + Receivables Discounting
2023,Sindh,Karachi West,Manufacturing,Manufacturing,Yes,Manufacturing,15961,325604,Low,Medium,High,High,75.0,High,1.3333333333333333,Yes,63.52,Medium,PO Finance + Payables Finance + Receivables Discounting
2024,Sindh,Karachi West,Manufacturing,Manufacturing,Yes,Manufacturing,14989,311771,Low,Medium,High,High,75.0,High,1.3333333333333333,Yes,63.52,Medium,PO Finance + Payables Finance + Receivables Discounting
2025,Sindh,Karachi West,Manufacturing,Manufacturing,Yes,Manufacturing,14075,313310,Low,Medium,High,High,75.0,High,1.3333333333333333,Yes,63.52,Medium,PO Finance + Payables Finance + Receivables Discounting
2016,Sindh,Kemari,Transport & Logistics,Transport & Logistics,Yes,Logistics,11125,122375,High,High,High,High,65.0,Medium,2.3333333333333335,No,70.25,High,"Receivables Discounting / Factoring, PO Finance"
2017,Sindh,Kemari,Transport & Logistics,Transport & Logistics,Yes,Logistics,10900,119900,High,High,High,High,65.0,Medium,2.3333333333333335,No,70.25,High,"Receivables Discounting / Factoring, PO Finance"
2018,Sindh,Kemari,Transport & Logistics,Transport & Logistics,Yes,Logistics,11125,133500,High,High,High,High,65.0,Medium,2.3333333333333335,No,70.25,High,"Receivables Discounting / Factoring, PO Finance"
2019,Sindh,Kemari,Transport & Logistics,Transport & Logistics,Yes,Logistics,11355,136260,High,High,High,High,65.0,Medium,2.3333333333333335,No,70.25,High,"Receivables Discounting / Factoring, PO Finance"
2020,Sindh,Kemari,Transport & Logistics,Transport & Logistics,Yes,Logistics,11589,129333,High,High,High,High,65.0,Medium,2.3333333333333335,No,70.25,High,"Receivables Discounting / Factoring, PO Finance"
2021,Sindh,Kemari,Transport & Logistics,Transport & Logistics,Yes,Logistics,11828,150689,High,High,High,High,65.0,Medium,2.3333333333333335,No,70.25,High,"Receivables Discounting / Factoring, PO Finance"
2022,Sindh,Kemari,Transport & Logistics,Transport & Logistics,Yes,Logistics,12073,156949,High,High,High,High,65.0,Medium,2.3333333333333335,No,70.25,High,"Receivables Discounting / Factoring, PO Finance"
2023,Sindh,Kemari,Transport & Logistics,Transport & Logistics,Yes,Logistics,12322,175958,High,High,High,High,65.0,Medium,2.3333333333333335,No,70.25,High,"Receivables Discounting / Factoring, PO Finance"
2024,Sindh,Kemari,Transport & Logistics,Transport & Logistics,Yes,Logistics,12576,183107,High,High,High,High,65.0,Medium,2.3333333333333335,No,70.25,High,"Receivables Discounting / Factoring, PO Finance"
2025,Sindh,Kemari,Transport & Logistics,Transport & Logistics,Yes,Logistics,12836,204092,High,High,High,High,65.0,Medium,2.3333333333333335,No,72.23,High,"Receivables Discounting / Factoring, PO Finance"
2016,Balochistan,Khuzdar,Mining & Minerals,Mining & Minerals,Yes,Mining,4609,69135,High,High,Low,Medium,25.0,Low,2.3333333333333335,Yes,66.3,Medium,Debt‑Based Financing
2017,Balochistan,Khuzdar,Mining & Minerals,Mining & Minerals,Yes,Mining,4779,71685,High,High,Low,Medium,25.0,Low,2.3333333333333335,Yes,66.3,Medium,Debt‑Based Financing
2018,Balochistan,Khuzdar,Mining & Minerals,Mining & Minerals,Yes,Mining,4955,79280,High,High,Low,Medium,25.0,Low,2.3333333333333335,Yes,66.3,Medium,Debt‑Based Financing
2019,Balochistan,Khuzdar,Mining & Minerals,Mining & Minerals,Yes,Mining,5138,82208,High,High,Low,Medium,25.0,Low,2.3333333333333335,Yes,66.3,Medium,Debt‑Based Financing
2020,Balochistan,Khuzdar,Mining & Minerals,Mining & Minerals,Yes,Mining,5328,79281,High,High,Low,Medium,25.0,Low,2.3333333333333335,Yes,66.3,Medium,Debt‑Based Financing
2021,Balochistan,Khuzdar,Mining & Minerals,Mining & Minerals,Yes,Mining,5525,92046,High,High,Low,Medium,25.0,Low,2.3333333333333335,Yes,68.28,Medium,Debt‑Based Financing
2022,Balochistan,Khuzdar,Mining & Minerals,Mining & Minerals,Yes,Mining,5729,97393,High,High,Low,Medium,25.0,Low,2.3333333333333335,Yes,68.28,Medium,Debt‑Based Financing
2023,Balochistan,Khuzdar,Mining & Minerals,Mining & Minerals,Yes,Mining,5940,109058,High,High,Low,Medium,25.0,Low,2.3333333333333335,Yes,68.28,Medium,Debt‑Based Financing
2024,Balochistan,Khuzdar,Mining & Minerals,Mining & Minerals,Yes,Mining,6160,115315,High,High,Low,Medium,25.0,Low,2.3333333333333335,Yes,68.28,Medium,Debt‑Based Financing
2025,Balochistan,Khuzdar,Mining & Minerals,Mining & Minerals,Yes,Mining,6387,128634,High,High,Low,Medium,25.0,Low,2.3333333333333335,Yes,68.28,Medium,Debt‑Based Financing
2016,Khyber Pakhtunkhwa,Kohat,Oil & Gas / Chemicals,Oil & Gas / Chemicals,Yes,Minerals,5710,114200,High,High,Medium,Medium,40.0,Low,2.3333333333333335,Yes,65.18,Medium,PO Finance + Payables Finance + Receivables Discounting
2017,Khyber Pakhtunkhwa,Kohat,Oil & Gas / Chemicals,Oil & Gas / Chemicals,Yes,Minerals,5921,118420,High,High,Medium,Medium,40.0,Low,2.3333333333333335,Yes,65.18,Medium,PO Finance + Payables Finance + Receivables Discounting
2018,Khyber Pakhtunkhwa,Kohat,Oil & Gas / Chemicals,Oil & Gas / Chemicals,Yes,Minerals,6138,128898,High,High,Medium,Medium,40.0,Low,2.3333333333333335,Yes,65.18,Medium,PO Finance + Payables Finance + Receivables Discounting
2019,Khyber Pakhtunkhwa,Kohat,Oil & Gas / Chemicals,Oil & Gas / Chemicals,Yes,Minerals,6365,133665,High,High,Medium,Medium,40.0,Low,2.3333333333333335,Yes,65.18,Medium,PO Finance + Payables Finance + Receivables Discounting
2020,Khyber Pakhtunkhwa,Kohat,Oil & Gas / Chemicals,Oil & Gas / Chemicals,Yes,Minerals,6599,128878,High,High,Medium,Medium,40.0,Low,2.3333333333333335,Yes,65.18,Medium,PO Finance + Payables Finance + Receivables Discounting
2021,Khyber Pakhtunkhwa,Kohat,Oil & Gas / Chemicals,Oil & Gas / Chemicals,Yes,Minerals,6842,147514,High,High,Medium,Medium,40.0,Low,2.3333333333333335,Yes,65.18,Medium,PO Finance + Payables Finance + Receivables Discounting
2022,Khyber Pakhtunkhwa,Kohat,Oil & Gas / Chemicals,Oil & Gas / Chemicals,Yes,Minerals,7094,156068,High,High,Medium,Medium,40.0,Low,2.3333333333333335,Yes,65.18,Medium,PO Finance + Payables Finance + Receivables Discounting
2023,Khyber Pakhtunkhwa,Kohat,Oil & Gas / Chemicals,Oil & Gas / Chemicals,Yes,Minerals,7355,172548,High,High,Medium,Medium,40.0,Low,2.3333333333333335,Yes,65.18,Medium,PO Finance + Payables Finance + Receivables Discounting
2024,Khyber Pakhtunkhwa,Kohat,Oil & Gas / Chemicals,Oil & Gas / Chemicals,Yes,Minerals,7626,182414,High,High,Medium,Medium,40.0,Low,2.3333333333333335,Yes,65.18,Medium,PO Finance + Payables Finance + Receivables Discounting
2025,Khyber Pakhtunkhwa,Kohat,Oil & Gas / Chemicals,Oil & Gas / Chemicals,Yes,Minerals,7906,201129,High,High,Medium,Medium,40.0,Low,2.3333333333333335,Yes,67.17,Medium,PO Finance + Payables Finance + Receivables Discounting
2016,Sindh,Korangi,Textile & Apparel,Textile & Apparel,Yes,Manufacturing & Trade,15237,228555,High,High,High,High,75.0,High,2.0,Yes,68.35,Medium,Distributor / Channel Finance
2017,Sindh,Korangi,Textile & Apparel,Textile & Apparel,Yes,Manufacturing & Trade,14636,219540,High,High,High,High,75.0,High,2.0,Yes,68.35,Medium,Distributor / Channel Finance
2018,Sindh,Korangi,Textile & Apparel,Textile & Apparel,Yes,Manufacturing & Trade,15237,243792,High,High,High,High,75.0,High,2.0,Yes,68.35,Medium,Distributor / Channel Finance
2019,Sindh,Korangi,Textile & Apparel,Textile & Apparel,Yes,Manufacturing & Trade,15863,253808,High,High,High,High,75.0,High,2.0,Yes,68.35,Medium,Distributor / Channel Finance
2020,Sindh,Korangi,Textile & Apparel,Textile & Apparel,Yes,Manufacturing & Trade,16514,245728,High,High,High,High,75.0,High,2.0,Yes,68.35,Medium,Distributor / Channel Finance
2021,Sindh,Korangi,Textile & Apparel,Textile & Apparel,Yes,Manufacturing & Trade,17193,286435,High,High,High,High,75.0,High,2.3333333333333335,Yes,71.13,High,Distributor / Channel Finance
2022,Sindh,Korangi,Textile & Apparel,Textile & Apparel,Yes,Manufacturing & Trade,17898,304266,High,High,High,High,75.0,High,2.3333333333333335,Yes,71.13,High,Distributor / Channel Finance
2023,Sindh,Korangi,Textile & Apparel,Textile & Apparel,Yes,Manufacturing & Trade,18633,342102,High,High,High,High,75.0,High,2.3333333333333335,Yes,71.13,High,Distributor / Channel Finance
2024,Sindh,Korangi,Textile & Apparel,Textile & Apparel,Yes,Manufacturing & Trade,19398,363131,High,High,High,High,75.0,High,2.3333333333333335,Yes,71.13,High,Distributor / Channel Finance
2025,Sindh,Korangi,Textile & Apparel,Textile & Apparel,Yes,Manufacturing & Trade,20195,406727,High,High,High,High,75.0,High,2.3333333333333335,Yes,71.13,High,Distributor / Channel Finance
2016,Punjab,Lahore,Retail & Wholesale Trade,Retail & Wholesale Trade,Yes,IT & Services,64579,452053,High,High,High,High,75.0,High,2.3333333333333335,No,71.12,High,Distributor / Channel Finance
2017,Punjab,Lahore,Retail & Wholesale Trade,Retail & Wholesale Trade,Yes,IT & Services,66279,463953,High,High,High,High,75.0,High,2.3333333333333335,No,71.12,High,Distributor / Channel Finance
2018,Punjab,Lahore,Retail & Wholesale Trade,Retail & Wholesale Trade,Yes,IT & Services,68025,476175,High,High,High,High,75.0,High,2.3333333333333335,No,71.12,High,Distributor / Channel Finance
2019,Punjab,Lahore,Retail & Wholesale Trade,Retail & Wholesale Trade,Yes,IT & Services,69816,558528,High,High,High,High,75.0,High,2.3333333333333335,No,71.12,High,Distributor / Channel Finance
2020,Punjab,Lahore,Retail & Wholesale Trade,Retail & Wholesale Trade,Yes,IT & Services,71655,533113,High,High,High,High,75.0,High,2.3333333333333335,No,71.12,High,Distributor / Channel Finance
2021,Punjab,Lahore,Retail & Wholesale Trade,Retail & Wholesale Trade,Yes,IT & Services,73542,576569,High,High,High,High,75.0,High,2.3333333333333335,No,71.12,High,Distributor / Channel Finance
2022,Punjab,Lahore,Retail & Wholesale Trade,Retail & Wholesale Trade,Yes,IT & Services,75478,603824,High,High,High,High,75.0,High,2.3333333333333335,No,71.12,High,Distributor / Channel Finance
2023,Punjab,Lahore,Retail & Wholesale Trade,Retail & Wholesale Trade,Yes,IT & Services,77466,632123,High,High,High,High,75.0,High,2.3333333333333335,No,71.12,High,Distributor / Channel Finance
2024,Punjab,Lahore,Retail & Wholesale Trade,Retail & Wholesale Trade,Yes,IT & Services,79506,661490,High,High,High,High,75.0,High,2.3333333333333335,No,71.12,High,Distributor / Channel Finance
2025,Punjab,Lahore,Retail & Wholesale Trade,Retail & Wholesale Trade,Yes,IT & Services,81599,778454,High,High,High,High,75.0,High,2.3333333333333335,No,71.12,High,Distributor / Channel Finance
2016,Sindh,Larkana,Agriculture & Agribusiness,Agriculture & Agribusiness,Yes,Rice,8846,61922,High,High,Medium,Medium,40.0,Low,2.3333333333333335,Yes,62.63,Medium,PO Finance + Inventory Finance
2017,Sindh,Larkana,Agriculture & Agribusiness,Agriculture & Agribusiness,Yes,Rice,9081,63567,High,High,Medium,Medium,40.0,Low,2.3333333333333335,Yes,62.63,Medium,PO Finance + Inventory Finance
2018,Sindh,Larkana,Agriculture & Agribusiness,Agriculture & Agribusiness,Yes,Rice,9322,65254,High,High,Medium,Medium,40.0,Low,2.6666666666666665,Yes,65.52,Medium,PO Finance + Inventory Finance
2019,Sindh,Larkana,Agriculture & Agribusiness,Agriculture & Agribusiness,Yes,Rice,9570,76560,High,High,Medium,Medium,40.0,Low,2.6666666666666665,Yes,65.52,Medium,PO Finance + Inventory Finance
2020,Sindh,Larkana,Agriculture & Agribusiness,Agriculture & Agribusiness,Yes,Rice,9825,73098,High,High,Medium,Medium,40.0,Low,2.6666666666666665,Yes,65.52,Medium,PO Finance + Inventory Finance
2021,Sindh,Larkana,Agriculture & Agribusiness,Agriculture & Agribusiness,Yes,Rice,10086,79074,High,High,Medium,Medium,40.0,Low,2.6666666666666665,Yes,65.52,Medium,PO Finance + Inventory Finance
2022,Sindh,Larkana,Agriculture & Agribusiness,Agriculture & Agribusiness,Yes,Rice,10355,82840,High,High,Medium,Medium,40.0,Low,2.6666666666666665,Yes,65.52,Medium,PO Finance + Inventory Finance
2023,Sindh,Larkana,Agriculture & Agribusiness,Agriculture & Agribusiness,Yes,Rice,10630,97583,High,High,Medium,Medium,40.0,Low,2.6666666666666665,Yes,67.5,Medium,PO Finance + Inventory Finance
2024,Sindh,Larkana,Agriculture & Agribusiness,Agriculture & Agribusiness,Yes,Rice,10913,102146,High,High,Medium,Medium,40.0,Low,2.6666666666666665,Yes,67.5,Medium,PO Finance + Inventory Finance
2025,Sindh,Larkana,Agriculture & Agribusiness,Agriculture & Agribusiness,Yes,Rice,11203,118752,High,High,Medium,Medium,40.0,Low,2.6666666666666665,Yes,67.5,Medium,PO Finance + Inventory Finance
2016,Balochistan,Lasbela,Chemicals & Plastics,Chemicals & Plastics,Yes,Livestock & Dairy,3339,60102,Medium,Medium,Medium,High,50.0,Medium,1.6666666666666667,Yes,65.47,Medium,PO Finance + Payables Finance + Receivables Discounting
2017,Balochistan,Lasbela,Chemicals & Plastics,Chemicals & Plastics,Yes,Livestock & Dairy,3433,61794,Medium,Medium,Medium,High,50.0,Medium,1.6666666666666667,Yes,65.47,Medium,PO Finance + Payables Finance + Receivables Discounting
2018,Balochistan,Lasbela,Chemicals & Plastics,Chemicals & Plastics,Yes,Livestock & Dairy,3530,67070,Medium,Medium,Medium,High,50.0,Medium,1.6666666666666667,Yes,65.47,Medium,PO Finance + Payables Finance + Receivables Discounting
2019,Balochistan,Lasbela,Chemicals & Plastics,Chemicals & Plastics,Yes,Livestock & Dairy,3629,68951,Medium,Medium,Medium,High,50.0,Medium,1.6666666666666667,Yes,65.47,Medium,PO Finance + Payables Finance + Receivables Discounting
2020,Balochistan,Lasbela,Chemicals & Plastics,Chemicals & Plastics,Yes,Livestock & Dairy,3732,65944,Medium,Medium,Medium,High,50.0,Medium,1.6666666666666667,Yes,65.47,Medium,PO Finance + Payables Finance + Receivables Discounting
2021,Balochistan,Lasbela,Chemicals & Plastics,Chemicals & Plastics,Yes,Livestock & Dairy,3837,75205,Medium,Medium,Medium,High,50.0,Medium,1.6666666666666667,Yes,65.47,Medium,PO Finance + Payables Finance + Receivables Discounting
2022,Balochistan,Lasbela,Chemicals & Plastics,Chemicals & Plastics,Yes,Livestock & Dairy,3945,78900,Medium,Medium,Medium,High,50.0,Medium,1.6666666666666667,Yes,65.47,Medium,PO Finance + Payables Finance + Receivables Discounting
2023,Balochistan,Lasbela,Chemicals & Plastics,Chemicals & Plastics,Yes,Livestock & Dairy,4057,86901,Medium,Medium,Medium,High,50.0,Medium,1.6666666666666667,Yes,67.33,Medium,PO Finance + Payables Finance + Receivables Discounting
2024,Balochistan,Lasbela,Chemicals & Plastics,Chemicals & Plastics,Yes,Livestock & Dairy,4171,91095,Medium,Medium,Medium,High,50.0,Medium,1.6666666666666667,Yes,67.33,Medium,PO Finance + Payables Finance + Receivables Discounting
2025,Balochistan,Lasbela,Chemicals & Plastics,Chemicals & Plastics,Yes,Livestock & Dairy,4289,100019,Medium,Medium,Medium,High,50.0,Medium,1.6666666666666667,Yes,67.33,Medium,PO Finance + Payables Finance + Receivables Discounting
2016,Sindh,Malir,Agriculture & Agribusiness,Agriculture & Agribusiness,Yes,Horticulture,11024,77168,Medium,Medium,Medium,High,50.0,Medium,2.0,Yes,60.4,Medium,PO Finance + Inventory Finance
2017,Sindh,Malir,Agriculture & Agribusiness,Agriculture & Agribusiness,Yes,Horticulture,11463,80241,Medium,Medium,Medium,High,50.0,Medium,2.0,Yes,60.4,Medium,PO Finance + Inventory Finance
2018,Sindh,Malir,Agriculture & Agribusiness,Agriculture & Agribusiness,Yes,Horticulture,11920,83440,Medium,Medium,Medium,High,50.0,Medium,2.0,Yes,60.4,Medium,PO Finance + Inventory Finance
2019,Sindh,Malir,Agriculture & Agribusiness,Agriculture & Agribusiness,Yes,Horticulture,12394,99152,Medium,Medium,Medium,High,50.0,Medium,2.0,Yes,62.38,Medium,PO Finance + Inventory Finance
2020,Sindh,Malir,Agriculture & Agribusiness,Agriculture & Agribusiness,Yes,Horticulture,12888,95887,Medium,Medium,Medium,High,50.0,Medium,2.0,Yes,62.38,Medium,PO Finance + Inventory Finance
2021,Sindh,Malir,Agriculture & Agribusiness,Agriculture & Agribusiness,Yes,Horticulture,13401,105064,Medium,Medium,Medium,High,50.0,Medium,2.0,Yes,62.38,Medium,PO Finance + Inventory Finance
2022,Sindh,Malir,Agriculture & Agribusiness,Agriculture & Agribusiness,Yes,Horticulture,13934,111472,Medium,Medium,Medium,High,50.0,Medium,2.0,Yes,62.38,Medium,PO Finance + Inventory Finance
2023,Sindh,Malir,Agriculture & Agribusiness,Agriculture & Agribusiness,Yes,Horticulture,14489,133009,Medium,Medium,Medium,High,50.0,Medium,2.0,Yes,62.38,Medium,PO Finance + Inventory Finance
2024,Sindh,Malir,Agriculture & Agribusiness,Agriculture & Agribusiness,Yes,Horticulture,15066,141018,Medium,Medium,Medium,High,50.0,Medium,2.0,Yes,62.38,Medium,PO Finance + Inventory Finance
2025,Sindh,Malir,Agriculture & Agribusiness,Agriculture & Agribusiness,Yes,Horticulture,15665,166049,Medium,Medium,Medium,High,50.0,Medium,2.0,Yes,62.38,Medium,PO Finance + Inventory Finance
2016,Khyber Pakhtunkhwa,Mansehra,Agriculture & Agribusiness,Agriculture & Agribusiness,Yes,Horticulture,9050,63350,High,High,Medium,High,40.0,Low,2.3333333333333335,Yes,66.27,Medium,PO Finance + Inventory Finance
2017,Khyber Pakhtunkhwa,Mansehra,Agriculture & Agribusiness,Agriculture & Agribusiness,Yes,Horticulture,9272,64904,High,High,Medium,High,40.0,Low,2.6666666666666665,Yes,69.15,Medium,PO Finance + Inventory Finance
2018,Khyber Pakhtunkhwa,Mansehra,Agriculture & Agribusiness,Agriculture & Agribusiness,Yes,Horticulture,9500,66500,High,High,Medium,High,40.0,Low,2.6666666666666665,Yes,69.15,Medium,PO Finance + Inventory Finance
2019,Khyber Pakhtunkhwa,Mansehra,Agriculture & Agribusiness,Agriculture & Agribusiness,Yes,Horticulture,9733,77864,High,High,Medium,High,40.0,Low,2.6666666666666665,Yes,69.15,Medium,PO Finance + Inventory Finance
2020,Khyber Pakhtunkhwa,Mansehra,Agriculture & Agribusiness,Agriculture & Agribusiness,Yes,Horticulture,9972,74192,High,High,Medium,High,40.0,Low,2.6666666666666665,Yes,69.15,Medium,PO Finance + Inventory Finance
2021,Khyber Pakhtunkhwa,Mansehra,Agriculture & Agribusiness,Agriculture & Agribusiness,Yes,Horticulture,10217,80101,High,High,Medium,High,40.0,Low,2.6666666666666665,Yes,69.15,Medium,PO Finance + Inventory Finance
2022,Khyber Pakhtunkhwa,Mansehra,Agriculture & Agribusiness,Agriculture & Agribusiness,Yes,Horticulture,10468,83744,High,High,Medium,High,40.0,Low,2.6666666666666665,Yes,69.15,Medium,PO Finance + Inventory Finance
2023,Khyber Pakhtunkhwa,Mansehra,Agriculture & Agribusiness,Agriculture & Agribusiness,Yes,Horticulture,10725,98456,High,High,Medium,High,40.0,Low,2.6666666666666665,Yes,71.02,High,PO Finance + Inventory Finance
2024,Khyber Pakhtunkhwa,Mansehra,Agriculture & Agribusiness,Agriculture & Agribusiness,Yes,Horticulture,10989,102857,High,High,Medium,High,40.0,Low,2.6666666666666665,Yes,71.02,High,PO Finance + Inventory Finance
2025,Khyber Pakhtunkhwa,Mansehra,Agriculture & Agribusiness,Agriculture & Agribusiness,Yes,Horticulture,11259,119345,High,High,Medium,High,40.0,Low,2.6666666666666665,Yes,71.02,High,PO Finance + Inventory Finance
2016,Khyber Pakhtunkhwa,Mardan,Textile & Apparel,Tobacco Processing & Manufacturing,Yes,Horticulture,13800,207000,High,High,Medium,High,50.0,Medium,2.3333333333333335,Yes,69.75,Medium,PO Finance + Payables Finance + Receivables Discounting
2017,Khyber Pakhtunkhwa,Mardan,Textile & Apparel,Tobacco Processing & Manufacturing,Yes,Tobacco,14138,212070,High,High,Medium,High,50.0,Medium,2.3333333333333335,Yes,69.75,Medium,PO Finance + Payables Finance + Receivables Discounting
2018,Khyber Pakhtunkhwa,Mardan,Textile & Apparel,Tobacco Processing & Manufacturing,Yes,Tobacco,14485,231760,High,High,Medium,High,50.0,Medium,2.3333333333333335,Yes,69.75,Medium,PO Finance + Payables Finance + Receivables Discounting
2019,Khyber Pakhtunkhwa,Mardan,Textile & Apparel,Tobacco Processing & Manufacturing,Yes,Tobacco,14841,237456,High,High,Medium,High,50.0,Medium,2.3333333333333335,Yes,69.75,Medium,PO Finance + Payables Finance + Receivables Discounting
2020,Khyber Pakhtunkhwa,Mardan,Textile & Apparel,Tobacco Processing & Manufacturing,Yes,Tobacco,15205,226250,High,High,Medium,High,50.0,Medium,2.3333333333333335,Yes,69.75,Medium,PO Finance + Payables Finance + Receivables Discounting
2021,Khyber Pakhtunkhwa,Mardan,Textile & Apparel,Tobacco Processing & Manufacturing,Yes,Tobacco,15578,259529,High,High,Medium,High,50.0,Medium,2.3333333333333335,Yes,69.75,Medium,PO Finance + Payables Finance + Receivables Discounting
2022,Khyber Pakhtunkhwa,Mardan,Textile & Apparel,Tobacco Processing & Manufacturing,Yes,Tobacco,15960,271320,High,High,Medium,High,50.0,Medium,2.3333333333333335,Yes,69.75,Medium,PO Finance + Payables Finance + Receivables Discounting
2023,Khyber Pakhtunkhwa,Mardan,Textile & Apparel,Tobacco Processing & Manufacturing,Yes,Tobacco,16351,300204,High,High,Medium,High,50.0,Medium,2.3333333333333335,Yes,69.75,Medium,PO Finance + Payables Finance + Receivables Discounting
2024,Khyber Pakhtunkhwa,Mardan,Textile & Apparel,Tobacco Processing & Manufacturing,Yes,Tobacco,16753,313616,High,High,Medium,High,50.0,Medium,2.3333333333333335,Yes,69.75,Medium,PO Finance + Payables Finance + Receivables Discounting
2025,Khyber Pakhtunkhwa,Mardan,Textile & Apparel,Tobacco Processing & Manufacturing,Yes,Tobacco,17164,345683,High,High,Medium,High,50.0,Medium,2.6666666666666665,Yes,72.63,High,PO Finance + Payables Finance + Receivables Discounting
2016,Balochistan,Mastung,Agriculture & Agribusiness,Agriculture & Agribusiness,No,Horticulture,1540,10780,High,High,Low,Medium,25.0,Low,2.3333333333333335,Yes,61.12,Medium,PO Finance + Inventory Finance
2017,Balochistan,Mastung,Agriculture & Agribusiness,Agriculture & Agribusiness,No,Horticulture,1583,11081,High,High,Low,Medium,25.0,Low,2.3333333333333335,Yes,61.12,Medium,PO Finance + Inventory Finance
2018,Balochistan,Mastung,Agriculture & Agribusiness,Agriculture & Agribusiness,No,Horticulture,1627,11389,High,High,Low,Medium,25.0,Low,2.3333333333333335,Yes,61.12,Medium,PO Finance + Inventory Finance
2019,Balochistan,Mastung,Agriculture & Agribusiness,Agriculture & Agribusiness,No,Horticulture,1672,13376,High,High,Low,Medium,25.0,Low,2.3333333333333335,Yes,61.12,Medium,PO Finance + Inventory Finance
2020,Balochistan,Mastung,Agriculture & Agribusiness,Agriculture & Agribusiness,No,Horticulture,1719,12789,High,High,Low,Medium,25.0,Low,2.3333333333333335,Yes,61.12,Medium,PO Finance + Inventory Finance
2021,Balochistan,Mastung,Agriculture & Agribusiness,Agriculture & Agribusiness,No,Horticulture,1766,13845,High,High,Low,Medium,25.0,Low,2.3333333333333335,Yes,61.12,Medium,PO Finance + Inventory Finance
2022,Balochistan,Mastung,Agriculture & Agribusiness,Agriculture & Agribusiness,No,Horticulture,1816,14528,High,High,Low,Medium,25.0,Low,2.3333333333333335,Yes,61.12,Medium,PO Finance + Inventory Finance
2023,Balochistan,Mastung,Agriculture & Agribusiness,Agriculture & Agribusiness,No,Horticulture,1866,17130,High,High,Low,Medium,25.0,Low,2.3333333333333335,Yes,61.12,Medium,PO Finance + Inventory Finance
2024,Balochistan,Mastung,Agriculture & Agribusiness,Agriculture & Agribusiness,No,Horticulture,1918,17952,High,High,Low,Medium,25.0,Low,2.3333333333333335,Yes,61.12,Medium,PO Finance + Inventory Finance
2025,Balochistan,Mastung,Agriculture & Agribusiness,Agriculture & Agribusiness,No,Horticulture,1972,20903,High,High,Low,Medium,25.0,Low,2.3333333333333335,Yes,61.12,Medium,PO Finance + Inventory Finance
2016,Punjab,Multan,Agriculture & Agribusiness,Agriculture & Agribusiness,Yes,Horticulture,27704,193928,High,High,Medium,High,60.0,Medium,2.6666666666666665,Yes,70.27,High,PO Finance + Inventory Finance
2017,Punjab,Multan,Agriculture & Agribusiness,Agriculture & Agribusiness,Yes,Horticulture,28273,197911,High,High,Medium,High,60.0,Medium,2.6666666666666665,Yes,70.27,High,PO Finance + Inventory Finance
2018,Punjab,Multan,Agriculture & Agribusiness,Agriculture & Agribusiness,Yes,Horticulture,28854,201978,High,High,Medium,High,60.0,Medium,2.6666666666666665,Yes,72.25,High,PO Finance + Inventory Finance
2019,Punjab,Multan,Agriculture & Agribusiness,Agriculture & Agribusiness,Yes,Horticulture,29447,235576,High,High,Medium,High,60.0,Medium,2.6666666666666665,Yes,72.25,High,PO Finance + Inventory Finance
2020,Punjab,Multan,Agriculture & Agribusiness,Agriculture & Agribusiness,Yes,Horticulture,30052,223587,High,High,Medium,High,60.0,Medium,2.6666666666666665,Yes,72.25,High,PO Finance + Inventory Finance
2021,Punjab,Multan,Agriculture & Agribusiness,Agriculture & Agribusiness,Yes,Horticulture,30670,240453,High,High,Medium,High,60.0,Medium,2.6666666666666665,Yes,72.25,High,PO Finance + Inventory Finance
2022,Punjab,Multan,Agriculture & Agribusiness,Agriculture & Agribusiness,Yes,Horticulture,31300,250400,High,High,Medium,High,60.0,Medium,2.6666666666666665,Yes,72.25,High,PO Finance + Inventory Finance
2023,Punjab,Multan,Agriculture & Agribusiness,Agriculture & Agribusiness,Yes,Horticulture,31943,293237,High,High,Medium,High,60.0,Medium,2.6666666666666665,Yes,72.25,High,PO Finance + Inventory Finance
2024,Punjab,Multan,Agriculture & Agribusiness,Agriculture & Agribusiness,Yes,Horticulture,32600,305136,High,High,Medium,High,60.0,Medium,2.6666666666666665,Yes,72.25,High,PO Finance + Inventory Finance
2025,Punjab,Multan,Agriculture & Agribusiness,Agriculture & Agribusiness,Yes,Horticulture,33270,352662,High,High,Medium,High,60.0,Medium,2.6666666666666665,Yes,72.25,High,PO Finance + Inventory Finance
2016,Khyber Pakhtunkhwa,Peshawar,Retail & Wholesale Trade,Retail & Wholesale Trade,Yes,Horticulture,25405,177835,High,High,High,High,65.0,Medium,2.6666666666666665,No,76.33,High,Distributor / Channel Finance
2017,Khyber Pakhtunkhwa,Peshawar,Retail & Wholesale Trade,Retail & Wholesale Trade,Yes,Horticulture,25806,180642,High,High,High,High,65.0,Medium,2.6666666666666665,No,76.33,High,Distributor / Channel Finance
2018,Khyber Pakhtunkhwa,Peshawar,Retail & Wholesale Trade,Retail & Wholesale Trade,Yes,Horticulture,26213,183491,High,High,High,High,65.0,Medium,2.6666666666666665,No,76.33,High,Distributor / Channel Finance
2019,Khyber Pakhtunkhwa,Peshawar,Retail & Wholesale Trade,Retail & Wholesale Trade,Yes,Horticulture,26627,213016,High,High,High,High,65.0,Medium,2.6666666666666665,No,78.32,High,Distributor / Channel Finance
2020,Khyber Pakhtunkhwa,Peshawar,Retail & Wholesale Trade,Retail & Wholesale Trade,Yes,Horticulture,27047,201230,High,High,High,High,65.0,Medium,2.6666666666666665,No,78.32,High,Distributor / Channel Finance
2021,Khyber Pakhtunkhwa,Peshawar,Retail & Wholesale Trade,Retail & Wholesale Trade,Yes,Horticulture,27474,215396,High,High,High,High,65.0,Medium,2.6666666666666665,No,78.32,High,Distributor / Channel Finance
2022,Khyber Pakhtunkhwa,Peshawar,Retail & Wholesale Trade,Retail & Wholesale Trade,Yes,Horticulture,27907,223256,High,High,High,High,65.0,Medium,2.6666666666666665,No,78.32,High,Distributor / Channel Finance
2023,Khyber Pakhtunkhwa,Peshawar,Retail & Wholesale Trade,Retail & Wholesale Trade,Yes,Horticulture,28348,231320,High,High,High,High,65.0,Medium,2.6666666666666665,No,78.32,High,Distributor / Channel Finance
2024,Khyber Pakhtunkhwa,Peshawar,Retail & Wholesale Trade,Retail & Wholesale Trade,Yes,Horticulture,28795,239574,High,High,High,High,65.0,Medium,2.6666666666666665,No,78.32,High,Distributor / Channel Finance
2025,Khyber Pakhtunkhwa,Peshawar,Retail & Wholesale Trade,Retail & Wholesale Trade,Yes,Horticulture,29250,279045,High,High,High,High,65.0,Medium,2.6666666666666665,No,78.32,High,Distributor / Channel Finance
2016,Balochistan,Pishin,Agriculture & Agribusiness,Agriculture & Agribusiness,No,Horticulture,4299,30093,Medium,Medium,Low,Medium,25.0,Low,2.0,Yes,56.35,Medium,PO Finance + Inventory Finance
2017,Balochistan,Pishin,Agriculture & Agribusiness,Agriculture & Agribusiness,No,Horticulture,4390,30730,Medium,Medium,Low,Medium,25.0,Low,2.0,Yes,56.35,Medium,PO Finance + Inventory Finance
2018,Balochistan,Pishin,Agriculture & Agribusiness,Agriculture & Agribusiness,No,Horticulture,4483,31381,Medium,Medium,Low,Medium,25.0,Low,2.0,Yes,56.35,Medium,PO Finance + Inventory Finance
2019,Balochistan,Pishin,Agriculture & Agribusiness,Agriculture & Agribusiness,No,Horticulture,4577,36616,Medium,Medium,Low,Medium,25.0,Low,2.0,Yes,56.35,Medium,PO Finance + Inventory Finance
2020,Balochistan,Pishin,Agriculture & Agribusiness,Agriculture & Agribusiness,No,Horticulture,4674,34775,Medium,Medium,Low,Medium,25.0,Low,2.0,Yes,56.35,Medium,PO Finance + Inventory Finance
2021,Balochistan,Pishin,Agriculture & Agribusiness,Agriculture & Agribusiness,No,Horticulture,4773,37420,Medium,Medium,Low,Medium,25.0,Low,2.0,Yes,56.35,Medium,PO Finance + Inventory Finance
2022,Balochistan,Pishin,Agriculture & Agribusiness,Agriculture & Agribusiness,No,Horticulture,4874,38992,Medium,Medium,Low,Medium,25.0,Low,2.0,Yes,56.35,Medium,PO Finance + Inventory Finance
2023,Balochistan,Pishin,Agriculture & Agribusiness,Agriculture & Agribusiness,No,Horticulture,4977,45689,Medium,Medium,Low,Medium,25.0,Low,2.0,Yes,56.35,Medium,PO Finance + Inventory Finance
2024,Balochistan,Pishin,Agriculture & Agribusiness,Agriculture & Agribusiness,No,Horticulture,5082,47568,Medium,Medium,Low,Medium,25.0,Low,2.0,Yes,56.35,Medium,PO Finance + Inventory Finance
2025,Balochistan,Pishin,Agriculture & Agribusiness,Agriculture & Agribusiness,No,Horticulture,5190,55014,Medium,Medium,Low,Medium,25.0,Low,2.0,Yes,56.35,Medium,PO Finance + Inventory Finance
2016,Balochistan,Quetta,Retail & Wholesale Trade,Retail & Wholesale Trade,Yes,Horticulture,13220,92540,Low,Low,High,High,65.0,Medium,1.6666666666666667,No,62.48,Medium,Distributor / Channel Finance
2017,Balochistan,Quetta,Retail & Wholesale Trade,Retail & Wholesale Trade,Yes,Horticulture,13519,94633,Low,Low,High,High,65.0,Medium,1.6666666666666667,No,62.48,Medium,Distributor / Channel Finance
2018,Balochistan,Quetta,Retail & Wholesale Trade,Retail & Wholesale Trade,Yes,Horticulture,13825,96775,Low,Low,High,High,65.0,Medium,1.6666666666666667,No,62.48,Medium,Distributor / Channel Finance
2019,Balochistan,Quetta,Retail & Wholesale Trade,Retail & Wholesale Trade,Yes,Horticulture,14138,113104,Low,Low,High,High,65.0,Medium,1.6666666666666667,No,62.48,Medium,Distributor / Channel Finance
2020,Balochistan,Quetta,Retail & Wholesale Trade,Retail & Wholesale Trade,Yes,Horticulture,14458,107568,Low,Low,High,High,65.0,Medium,1.6666666666666667,No,62.48,Medium,Distributor / Channel Finance
2021,Balochistan,Quetta,Retail & Wholesale Trade,Retail & Wholesale Trade,Yes,Horticulture,14785,115914,Low,Low,High,High,65.0,Medium,1.6666666666666667,No,62.48,Medium,Distributor / Channel Finance
2022,Balochistan,Quetta,Retail & Wholesale Trade,Retail & Wholesale Trade,Yes,Horticulture,15119,120952,Low,Low,High,High,65.0,Medium,1.6666666666666667,No,62.48,Medium,Distributor / Channel Finance
2023,Balochistan,Quetta,Retail & Wholesale Trade,Retail & Wholesale Trade,Yes,Horticulture,15461,126162,Low,Low,High,High,65.0,Medium,1.6666666666666667,No,62.48,Medium,Distributor / Channel Finance
2024,Balochistan,Quetta,Retail & Wholesale Trade,Retail & Wholesale Trade,Yes,Horticulture,15811,131548,Low,Low,High,High,65.0,Medium,1.6666666666666667,No,62.48,Medium,Distributor / Channel Finance
2025,Balochistan,Quetta,Retail & Wholesale Trade,Retail & Wholesale Trade,Yes,Horticulture,16169,154252,Low,Low,High,High,65.0,Medium,1.6666666666666667,No,62.48,Medium,Distributor / Channel Finance
2016,Punjab,Rawalpindi,Professional Services,Professional Services,Yes,Manufacturing & Trade,31521,252168,High,High,High,High,75.0,High,2.3333333333333335,No,70.87,High,Distributor / Channel Finance
2017,Punjab,Rawalpindi,Professional Services,Professional Services,Yes,Manufacturing & Trade,32182,257456,High,High,High,High,75.0,High,2.3333333333333335,No,70.87,High,Distributor / Channel Finance
2018,Punjab,Rawalpindi,Professional Services,Professional Services,Yes,Manufacturing & Trade,32857,262856,High,High,High,High,75.0,High,2.3333333333333335,No,70.87,High,Distributor / Channel Finance
2019,Punjab,Rawalpindi,Professional Services,Professional Services,Yes,Manufacturing & Trade,33546,301914,High,High,High,High,75.0,High,2.3333333333333335,No,70.87,High,Distributor / Channel Finance
2020,Punjab,Rawalpindi,Professional Services,Professional Services,Yes,Manufacturing & Trade,34250,286672,High,High,High,High,75.0,High,2.3333333333333335,No,70.87,High,Distributor / Channel Finance
2021,Punjab,Rawalpindi,Professional Services,Professional Services,Yes,Manufacturing & Trade,34968,308418,High,High,High,High,75.0,High,2.3333333333333335,No,70.87,High,Distributor / Channel Finance
2022,Punjab,Rawalpindi,Professional Services,Professional Services,Yes,Manufacturing & Trade,35702,357020,High,High,High,High,75.0,High,2.3333333333333335,No,70.87,High,Distributor / Channel Finance
2023,Punjab,Rawalpindi,Professional Services,Professional Services,Yes,Manufacturing & Trade,36450,371790,High,High,High,High,75.0,High,2.3333333333333335,No,70.87,High,Distributor / Channel Finance
2024,Punjab,Rawalpindi,Professional Services,Professional Services,Yes,Manufacturing & Trade,37215,387036,High,High,High,High,75.0,High,2.3333333333333335,No,70.87,High,Distributor / Channel Finance
2025,Punjab,Rawalpindi,Professional Services,Professional Services,Yes,Manufacturing & Trade,37995,443022,High,High,High,High,75.0,High,2.3333333333333335,No,70.87,High,Distributor / Channel Finance
2016,Punjab,Sahiwal,Food & Beverage Processing,Food & Beverage Processing,Yes,Livestock & Dairy,14632,175584,High,High,Medium,High,50.0,Medium,2.3333333333333335,Yes,66.07,Medium,PO Finance + Inventory Finance
2017,Punjab,Sahiwal,Food & Beverage Processing,Food & Beverage Processing,Yes,Livestock & Dairy,14970,179640,High,High,Medium,High,50.0,Medium,2.3333333333333335,Yes,66.07,Medium,PO Finance + Inventory Finance
2018,Punjab,Sahiwal,Food & Beverage Processing,Food & Beverage Processing,Yes,Livestock & Dairy,15316,199108,High,High,Medium,High,50.0,Medium,2.3333333333333335,Yes,68.05,Medium,PO Finance + Inventory Finance
2019,Punjab,Sahiwal,Food & Beverage Processing,Food & Beverage Processing,Yes,Livestock & Dairy,15669,203697,High,High,Medium,High,50.0,Medium,2.3333333333333335,Yes,68.05,Medium,PO Finance + Inventory Finance
2020,Punjab,Sahiwal,Food & Beverage Processing,Food & Beverage Processing,Yes,Livestock & Dairy,16031,193815,High,High,Medium,High,50.0,Medium,2.3333333333333335,Yes,66.07,Medium,PO Finance + Inventory Finance
2021,Punjab,Sahiwal,Food & Beverage Processing,Food & Beverage Processing,Yes,Livestock & Dairy,16401,225022,High,High,Medium,High,50.0,Medium,2.3333333333333335,Yes,68.05,Medium,PO Finance + Inventory Finance
2022,Punjab,Sahiwal,Food & Beverage Processing,Food & Beverage Processing,Yes,Livestock & Dairy,16780,234920,High,High,Medium,High,50.0,Medium,2.6666666666666665,Yes,70.93,High,PO Finance + Inventory Finance
2023,Punjab,Sahiwal,Food & Beverage Processing,Food & Beverage Processing,Yes,Livestock & Dairy,17167,262655,High,High,Medium,High,50.0,Medium,2.6666666666666665,Yes,70.93,High,PO Finance + Inventory Finance
2024,Punjab,Sahiwal,Food & Beverage Processing,Food & Beverage Processing,Yes,Livestock & Dairy,17563,273983,High,High,Medium,High,50.0,Medium,2.6666666666666665,Yes,70.93,High,PO Finance + Inventory Finance
2025,Punjab,Sahiwal,Food & Beverage Processing,Food & Beverage Processing,Yes,Livestock & Dairy,17969,304754,High,High,Medium,High,50.0,Medium,2.6666666666666665,Yes,70.93,High,PO Finance + Inventory Finance
2016,Punjab,Sargodha,Agriculture & Agribusiness,Agriculture & Agribusiness,Yes,Horticulture,21442,150094,High,High,Medium,Medium,50.0,Medium,2.6666666666666665,Yes,68.63,Medium,PO Finance + Inventory Finance
2017,Punjab,Sargodha,Agriculture & Agribusiness,Agriculture & Agribusiness,Yes,Horticulture,22018,154126,High,High,Medium,Medium,50.0,Medium,2.6666666666666665,Yes,68.63,Medium,PO Finance + Inventory Finance
2018,Punjab,Sargodha,Agriculture & Agribusiness,Agriculture & Agribusiness,Yes,Horticulture,22611,158277,High,High,Medium,Medium,50.0,Medium,2.6666666666666665,Yes,68.63,Medium,PO Finance + Inventory Finance
2019,Punjab,Sargodha,Agriculture & Agribusiness,Agriculture & Agribusiness,Yes,Horticulture,23219,185752,High,High,Medium,Medium,50.0,Medium,2.6666666666666665,Yes,68.63,Medium,PO Finance + Inventory Finance
2020,Punjab,Sargodha,Agriculture & Agribusiness,Agriculture & Agribusiness,Yes,Horticulture,23844,177399,High,High,Medium,Medium,50.0,Medium,2.6666666666666665,Yes,68.63,Medium,PO Finance + Inventory Finance
2021,Punjab,Sargodha,Agriculture & Agribusiness,Agriculture & Agribusiness,Yes,Horticulture,24485,191962,High,High,Medium,Medium,50.0,Medium,2.6666666666666665,Yes,68.63,Medium,PO Finance + Inventory Finance
2022,Punjab,Sargodha,Agriculture & Agribusiness,Agriculture & Agribusiness,Yes,Horticulture,25144,201152,High,High,Medium,Medium,50.0,Medium,2.6666666666666665,Yes,70.62,High,PO Finance + Inventory Finance
2023,Punjab,Sargodha,Agriculture & Agribusiness,Agriculture & Agribusiness,Yes,Horticulture,25820,237028,High,High,Medium,Medium,50.0,Medium,2.6666666666666665,Yes,70.62,High,PO Finance + Inventory Finance
2024,Punjab,Sargodha,Agriculture & Agribusiness,Agriculture & Agribusiness,Yes,Horticulture,26515,248180,High,High,Medium,Medium,50.0,Medium,2.6666666666666665,Yes,70.62,High,PO Finance + Inventory Finance
2025,Punjab,Sargodha,Agriculture & Agribusiness,Agriculture & Agribusiness,Yes,Horticulture,27228,288617,High,High,Medium,Medium,50.0,Medium,2.6666666666666665,Yes,70.62,High,PO Finance + Inventory Finance
2016,Punjab,Sheikhupura,Food & Beverage Processing,Food & Beverage Processing,Yes,Rice,20078,240936,High,High,High,High,55.0,Medium,2.6666666666666665,Yes,73.67,High,PO Finance + Inventory Finance
2017,Punjab,Sheikhupura,Food & Beverage Processing,Food & Beverage Processing,Yes,Rice,20611,247332,High,High,High,High,55.0,Medium,2.6666666666666665,Yes,73.67,High,PO Finance + Inventory Finance
2018,Punjab,Sheikhupura,Food & Beverage Processing,Food & Beverage Processing,Yes,Rice,21159,275067,High,High,High,High,55.0,Medium,2.6666666666666665,Yes,73.67,High,PO Finance + Inventory Finance
2019,Punjab,Sheikhupura,Food & Beverage Processing,Food & Beverage Processing,Yes,Rice,21721,282373,High,High,High,High,55.0,Medium,2.6666666666666665,Yes,73.67,High,PO Finance + Inventory Finance
2020,Punjab,Sheikhupura,Food & Beverage Processing,Food & Beverage Processing,Yes,Rice,22298,269583,High,High,High,High,55.0,Medium,2.6666666666666665,Yes,73.67,High,PO Finance + Inventory Finance
2021,Punjab,Sheikhupura,Food & Beverage Processing,Food & Beverage Processing,Yes,Rice,22890,314051,High,High,High,High,55.0,Medium,2.6666666666666665,Yes,73.67,High,PO Finance + Inventory Finance
2022,Punjab,Sheikhupura,Food & Beverage Processing,Food & Beverage Processing,Yes,Rice,23498,328972,High,High,High,High,55.0,Medium,2.6666666666666665,Yes,73.67,High,PO Finance + Inventory Finance
2023,Punjab,Sheikhupura,Food & Beverage Processing,Food & Beverage Processing,Yes,Rice,24122,369067,High,High,High,High,55.0,Medium,2.6666666666666665,Yes,73.67,High,PO Finance + Inventory Finance
2024,Punjab,Sheikhupura,Food & Beverage Processing,Food & Beverage Processing,Yes,Rice,24763,386303,High,High,High,High,55.0,Medium,2.6666666666666665,Yes,73.67,High,PO Finance + Inventory Finance
2025,Punjab,Sheikhupura,Food & Beverage Processing,Food & Beverage Processing,Yes,Rice,25421,431140,High,High,High,High,55.0,Medium,2.6666666666666665,Yes,73.67,High,PO Finance + Inventory Finance
2016,Punjab,Sialkot,Sports Goods,Sports Goods,Yes,Sports Goods & Surgical Instruments,22651,294463,High,High,High,High,75.0,High,2.3333333333333335,Yes,71.33,High,Payables Finance
2017,Punjab,Sialkot,Sports Goods,Sports Goods,Yes,Sports Goods & Surgical Instruments,23202,301626,High,High,High,High,75.0,High,2.3333333333333335,Yes,71.33,High,Payables Finance
2018,Punjab,Sialkot,Sports Goods,Sports Goods,Yes,Sports Goods & Surgical Instruments,23767,332738,High,High,High,High,75.0,High,2.3333333333333335,Yes,71.33,High,Payables Finance
2019,Punjab,Sialkot,Sports Goods,Sports Goods,Yes,Sports Goods & Surgical Instruments,24345,340830,High,High,High,High,75.0,High,2.3333333333333335,Yes,71.33,High,Payables Finance
2020,Punjab,Sialkot,Sports Goods,Sports Goods,Yes,Sports Goods & Surgical Instruments,24938,324693,High,High,High,High,75.0,High,2.3333333333333335,Yes,71.33,High,Payables Finance
2021,Punjab,Sialkot,Sports Goods,Sports Goods,Yes,Sports Goods & Surgical Instruments,25545,375512,High,High,High,High,75.0,High,2.3333333333333335,Yes,71.33,High,Payables Finance
2022,Punjab,Sialkot,Sports Goods,Sports Goods,Yes,Sports Goods & Surgical Instruments,26166,392490,High,High,High,High,75.0,High,2.3333333333333335,Yes,71.33,High,Payables Finance
2023,Punjab,Sialkot,Sports Goods,Sports Goods,Yes,Sports Goods & Surgical Instruments,26803,437425,High,High,High,High,75.0,High,2.3333333333333335,Yes,71.33,High,Payables Finance
2024,Punjab,Sialkot,Sports Goods,Sports Goods,Yes,Sports Goods & Surgical Instruments,27455,456851,High,High,High,High,75.0,High,2.3333333333333335,Yes,71.33,High,Payables Finance
2025,Punjab,Sialkot,Sports Goods,Sports Goods,No,Sports Goods & Surgical Instruments,28123,506776,High,High,High,High,75.0,High,2.3333333333333335,Yes,69.35,Medium,
2016,Balochistan,Sibi,Livestock & Dairy,Livestock & Dairy,No,Livestock & Dairy,1032,6192,High,Medium,Low,Medium,33.33,Low,2.3333333333333335,No,57.47,Medium,Inventory Finance
2017,Balochistan,Sibi,Livestock & Dairy,Livestock & Dairy,No,Livestock & Dairy,1071,6426,High,Medium,Low,Medium,33.33,Low,2.3333333333333335,No,57.47,Medium,Inventory Finance
2018,Balochistan,Sibi,Livestock & Dairy,Livestock & Dairy,No,Livestock & Dairy,1111,7777,High,Medium,Low,Medium,33.33,Low,2.3333333333333335,No,57.47,Medium,Inventory Finance
2019,Balochistan,Sibi,Livestock & Dairy,Livestock & Dairy,No,Livestock & Dairy,1153,8071,High,Medium,Low,Medium,33.33,Low,2.3333333333333335,No,57.47,Medium,Inventory Finance
2020,Balochistan,Sibi,Livestock & Dairy,Livestock & Dairy,No,Livestock & Dairy,1196,7786,High,Medium,Low,Medium,33.33,Low,2.3333333333333335,No,57.47,Medium,Inventory Finance
2021,Balochistan,Sibi,Livestock & Dairy,Livestock & Dairy,No,Livestock & Dairy,1241,8513,High,Medium,Low,Medium,33.33,Low,2.3333333333333335,No,57.47,Medium,Inventory Finance
2022,Balochistan,Sibi,Livestock & Dairy,Livestock & Dairy,No,Livestock & Dairy,1287,10296,High,Medium,Low,Medium,33.33,Low,2.3333333333333335,No,57.47,Medium,Inventory Finance
2023,Balochistan,Sibi,Livestock & Dairy,Livestock & Dairy,No,Livestock & Dairy,1335,10894,High,Medium,Low,Medium,33.33,Low,2.3333333333333335,No,57.47,Medium,Inventory Finance
2024,Balochistan,Sibi,Livestock & Dairy,Livestock & Dairy,No,Livestock & Dairy,1385,11523,High,Medium,Low,Medium,33.33,Low,2.3333333333333335,No,57.47,Medium,Inventory Finance
2025,Balochistan,Sibi,Livestock & Dairy,Livestock & Dairy,No,Livestock & Dairy,1437,13709,High,Medium,Low,Medium,33.33,Low,2.3333333333333335,No,57.47,Medium,Inventory Finance
2016,Sindh,Sukkur,Agriculture & Agribusiness,Agriculture & Agribusiness,Yes,Date Palm,8721,61047,High,High,Medium,High,50.0,Medium,2.0,Yes,65.0,Medium,PO Finance + Inventory Finance
2017,Sindh,Sukkur,Agriculture & Agribusiness,Agriculture & Agribusiness,Yes,Date Palm,8863,62041,High,High,Medium,High,50.0,Medium,2.0,Yes,65.0,Medium,PO Finance + Inventory Finance
2018,Sindh,Sukkur,Agriculture & Agribusiness,Agriculture & Agribusiness,Yes,Date Palm,9008,63056,High,High,Medium,High,50.0,Medium,2.0,Yes,65.0,Medium,PO Finance + Inventory Finance
2019,Sindh,Sukkur,Agriculture & Agribusiness,Agriculture & Agribusiness,Yes,Date Palm,9156,73248,High,High,Medium,High,50.0,Medium,2.0,Yes,65.0,Medium,PO Finance + Inventory Finance
2020,Sindh,Sukkur,Agriculture & Agribusiness,Agriculture & Agribusiness,Yes,Date Palm,9305,69229,High,High,Medium,High,50.0,Medium,2.3333333333333335,Yes,67.78,Medium,PO Finance + Inventory Finance
2021,Sindh,Sukkur,Agriculture & Agribusiness,Agriculture & Agribusiness,Yes,Date Palm,9457,74143,High,High,Medium,High,50.0,Medium,2.3333333333333335,Yes,67.78,Medium,PO Finance + Inventory Finance
2022,Sindh,Sukkur,Agriculture & Agribusiness,Agriculture & Agribusiness,Yes,Date Palm,9612,76896,High,High,Medium,High,50.0,Medium,2.3333333333333335,Yes,67.78,Medium,PO Finance + Inventory Finance
2023,Sindh,Sukkur,Agriculture & Agribusiness,Agriculture & Agribusiness,Yes,Date Palm,9769,89679,High,High,Medium,High,50.0,Medium,2.3333333333333335,Yes,69.65,Medium,PO Finance + Inventory Finance
2024,Sindh,Sukkur,Agriculture & Agribusiness,Agriculture & Agribusiness,Yes,Date Palm,9929,92935,High,High,Medium,High,50.0,Medium,2.3333333333333335,Yes,69.65,Medium,PO Finance + Inventory Finance
2025,Sindh,Sukkur,Agriculture & Agribusiness,Agriculture & Agribusiness,Yes,Date Palm,10091,106965,High,High,Medium,High,50.0,Medium,2.3333333333333335,Yes,69.65,Medium,PO Finance + Inventory Finance
2016,Khyber Pakhtunkhwa,Swat,Hospitality & Tourism,"Hospitality & Tourism, Agriculture",Yes,Horticulture,13415,120735,High,High,Medium,Medium,40.0,Low,2.6666666666666665,No,67.48,Medium,Inventory Finance
2017,Khyber Pakhtunkhwa,Swat,Hospitality & Tourism,"Hospitality & Tourism, Agriculture",Yes,Horticulture,13758,123822,High,High,Medium,Medium,40.0,Low,2.6666666666666665,No,67.48,Medium,Inventory Finance
2018,Khyber Pakhtunkhwa,Swat,Hospitality & Tourism,"Hospitality & Tourism, Agriculture",Yes,Horticulture,14110,141100,High,High,Medium,Medium,40.0,Low,2.6666666666666665,No,67.48,Medium,Inventory Finance
2019,Khyber Pakhtunkhwa,Swat,Hospitality & Tourism,"Hospitality & Tourism, Agriculture",Yes,Horticulture,14471,144710,High,High,Medium,Medium,40.0,Low,2.6666666666666665,No,67.48,Medium,Inventory Finance
2020,Khyber Pakhtunkhwa,Swat,Hospitality & Tourism,"Hospitality & Tourism, Agriculture",Yes,Horticulture,14841,124219,High,High,Medium,Medium,40.0,Low,2.6666666666666665,No,67.48,Medium,Inventory Finance
2021,Khyber Pakhtunkhwa,Swat,Hospitality & Tourism,"Hospitality & Tourism, Agriculture",Yes,Horticulture,15220,149156,High,High,Medium,Medium,40.0,Low,2.6666666666666665,No,67.48,Medium,Inventory Finance
2022,Khyber Pakhtunkhwa,Swat,Hospitality & Tourism,"Hospitality & Tourism, Agriculture",Yes,Horticulture,15610,156100,High,High,Medium,Medium,40.0,Low,2.6666666666666665,No,67.48,Medium,Inventory Finance
2023,Khyber Pakhtunkhwa,Swat,Hospitality & Tourism,"Hospitality & Tourism, Agriculture",Yes,Horticulture,16009,179621,High,High,Medium,Medium,40.0,Low,2.6666666666666665,No,67.48,Medium,Inventory Finance
2024,Khyber Pakhtunkhwa,Swat,Hospitality & Tourism,"Hospitality & Tourism, Agriculture",Yes,Horticulture,16418,187822,High,High,Medium,Medium,40.0,Low,2.6666666666666665,No,67.48,Medium,Inventory Finance
2025,Khyber Pakhtunkhwa,Swat,Hospitality & Tourism,"Hospitality & Tourism, Agriculture",Yes,Horticulture,16838,214179,High,High,Medium,Medium,40.0,Low,3.0,No,72.13,High,Inventory Finance
2016,Balochistan,Turbat,Agriculture & Agribusiness,Agriculture & Agribusiness,Yes,Date Palm,5278,36946,High,High,Low,Medium,25.0,Low,2.3333333333333335,Yes,66.55,Medium,PO Finance + Inventory Finance
2017,Balochistan,Turbat,Agriculture & Agribusiness,Agriculture & Agribusiness,Yes,Date Palm,5416,37912,High,High,Low,Medium,25.0,Low,2.3333333333333335,Yes,66.55,Medium,PO Finance + Inventory Finance
2018,Balochistan,Turbat,Agriculture & Agribusiness,Agriculture & Agribusiness,Yes,Date Palm,5557,38899,High,High,Low,Medium,25.0,Low,2.3333333333333335,Yes,66.55,Medium,PO Finance + Inventory Finance
2019,Balochistan,Turbat,Agriculture & Agribusiness,Agriculture & Agribusiness,Yes,Date Palm,5702,45616,High,High,Low,Medium,25.0,Low,2.3333333333333335,Yes,66.55,Medium,PO Finance + Inventory Finance
2020,Balochistan,Turbat,Agriculture & Agribusiness,Agriculture & Agribusiness,Yes,Date Palm,5850,43524,High,High,Low,Medium,25.0,Low,2.3333333333333335,Yes,66.55,Medium,PO Finance + Inventory Finance
2021,Balochistan,Turbat,Agriculture & Agribusiness,Agriculture & Agribusiness,Yes,Date Palm,6003,47064,High,High,Low,Medium,25.0,Low,2.3333333333333335,Yes,66.55,Medium,PO Finance + Inventory Finance
2022,Balochistan,Turbat,Agriculture & Agribusiness,Agriculture & Agribusiness,Yes,Date Palm,6159,49272,High,High,Low,Medium,25.0,Low,2.3333333333333335,Yes,66.55,Medium,PO Finance + Inventory Finance
2023,Balochistan,Turbat,Agriculture & Agribusiness,Agriculture & Agribusiness,Yes,Date Palm,6320,58018,High,High,Low,Medium,25.0,Low,2.3333333333333335,Yes,66.55,Medium,PO Finance + Inventory Finance
2024,Balochistan,Turbat,Agriculture & Agribusiness,Agriculture & Agribusiness,Yes,Date Palm,6485,60700,High,High,Low,Medium,25.0,Low,2.3333333333333335,Yes,66.55,Medium,PO Finance + Inventory Finance
2025,Balochistan,Turbat,Agriculture & Agribusiness,Agriculture & Agribusiness,Yes,Date Palm,6654,70532,High,High,Low,Medium,25.0,Low,2.3333333333333335,Yes,66.55,Medium,PO Finance + Inventory Finance
2016,Balochistan,Zhob,Livestock & Dairy,Livestock & Dairy,No,Livestock & Dairy,1807,10842,High,High,Low,Low,25.0,Low,2.3333333333333335,No,57.47,Medium,Inventory Finance
2017,Balochistan,Zhob,Livestock & Dairy,Livestock & Dairy,No,Livestock & Dairy,1849,11094,High,High,Low,Low,25.0,Low,2.3333333333333335,No,57.47,Medium,Inventory Finance
2018,Balochistan,Zhob,Livestock & Dairy,Livestock & Dairy,No,Livestock & Dairy,1891,13237,High,High,Low,Low,25.0,Low,2.3333333333333335,No,57.47,Medium,Inventory Finance
2019,Balochistan,Zhob,Livestock & Dairy,Livestock & Dairy,No,Livestock & Dairy,1935,13545,High,High,Low,Low,25.0,Low,2.3333333333333335,No,57.47,Medium,Inventory Finance
2020,Balochistan,Zhob,Livestock & Dairy,Livestock & Dairy,No,Livestock & Dairy,1979,12883,High,High,Low,Low,25.0,Low,2.3333333333333335,No,57.47,Medium,Inventory Finance
2021,Balochistan,Zhob,Livestock & Dairy,Livestock & Dairy,No,Livestock & Dairy,2025,13892,High,High,Low,Low,25.0,Low,2.3333333333333335,No,57.47,Medium,Inventory Finance
2022,Balochistan,Zhob,Livestock & Dairy,Livestock & Dairy,No,Livestock & Dairy,2071,16568,High,High,Low,Low,25.0,Low,2.3333333333333335,No,57.47,Medium,Inventory Finance
2023,Balochistan,Zhob,Livestock & Dairy,Livestock & Dairy,No,Livestock & Dairy,2119,17291,High,High,Low,Low,25.0,Low,2.3333333333333335,No,57.47,Medium,Inventory Finance
2024,Balochistan,Zhob,Livestock & Dairy,Livestock & Dairy,No,Livestock & Dairy,2168,18038,High,High,Low,Low,25.0,Low,2.3333333333333335,No,57.47,Medium,Inventory Finance
2025,Balochistan,Zhob,Livestock & Dairy,Livestock & Dairy,No,Livestock & Dairy,2217,21150,High,High,Low,Low,25.0,Low,2.3333333333333335,No,57.47,Medium,Inventory Finance
